路線,区間,本数,駅,状態
総武線快速,,90,錦糸町 新小岩 市川 西船橋 船橋 津田沼 稲毛 千葉,manual
総武線,総武本線(千葉〜佐倉),41,東千葉 都賀 四街道 物井 佐倉,manual
総武線,総武本線(佐倉〜成東),38,南酒々井 榎戸 八街 日向 成東,manual
総武線,総武本線(成東〜銚子),22,松尾 横芝 飯倉 八日市場 干潟 旭 飯岡 倉橋 猿田 松岸 銚子,manual
内房線,内房線(蘇我〜木更津),77,蘇我 浜野 八幡宿 五井 姉ヶ崎 長浦 袖ヶ浦 巌根 木更津,manual
内房線,内房線(木更津〜君津),80,木更津 君津,manual
内房線,内房線(君津〜上総湊),29,君津 青堀 大貫 佐貫町 上総湊,manual
内房線,内房線(上総湊〜館山),21,上総湊 竹岡 浜金谷 保田 安房勝山 岩井 富浦 那古船形 館山,manual
内房線,内房線(館山〜安房鴨川),17,館山 九重 千倉 千歳 南三原 和田浦 江見 太海 安房鴨川,manual
外房線,外房線(千葉〜大網),69,千葉 本千葉 蘇我 鎌取 誉田 土気 大網,manual
外房線,外房線(大網〜茂原),76,大網 永田 本納 新茂原 茂原,manual
外房線,外房線(茂原〜上総一ノ宮),65,茂原 八積 上総一ノ宮,manual
外房線,外房線(上総一ノ宮〜大原),37,上総一ノ宮 東浪見 太東 長者町 三門 大原,manual
外房線,外房線(大原〜勝浦),33,大原 浪花 御宿 勝浦,manual
外房線,外房線(勝浦〜安房鴨川),26,勝浦 鵜原 上総興津 行川アイランド 安房小湊 安房天津 安房鴨川,manual
成田線,成田線(我孫子支線),40,我孫子 東我孫子 湖北 新木 布佐 木下 小林 安食 下総松崎,manual
成田線,成田線(空港支線),60,成田空港 空港第2ビル,manual
成田線,成田線(佐倉〜松岸),30,佐倉 酒々井 成田 久住 滑河 下総神崎 大戸 佐原 香取 水郷 小見川 笹川 下総橘 下総豊里 椎柴 松岸,manual
京葉線,,130,舞浜 新浦安 市川塩浜 二俣新町 西船橋 南船橋 新習志野 幕張豊砂 海浜幕張 検見川浜 稲毛海岸 千葉みなと 蘇我,manual
常磐線各駅停車,,150,天王台 我孫子 北柏 柏 南柏 北小金 新松戸 馬橋 北松戸 松戸,manual
常磐線快速,,170,天王台 我孫子 柏 松戸,manual
武蔵野線,,110,西船橋 船橋法典 市川大野 東松戸 新八柱 新松戸 南流山,manual
東金線,,30,成東 求名 東金 福俵 大網,manual
鹿島線,,18,香取 十二橋,manual
久留里線,久留里線(木更津〜久留里),17,木更津 祇園 上総清川 東清川 横田 東横田 馬来田 下郡 小櫃 俵田 久留里,manual
久留里線,久留里線(久留里〜上総亀山),8,平山 上総松丘 上総亀山,manual
京成本線,,160,空港第2ビル 成田空港 京成成田 公津の杜 宗吾参道 京成酒々井 大佐倉 京成佐倉 京成臼井 ユーカリが丘 志津 勝田台 京成大和田 八千代台 実籾 京成大久保 京成津田沼 谷津 船橋競馬場 大神宮下 京成船橋 海神 京成西船 東中山 京成中山 鬼越 京成八幡 菅野 市川真間 国府台,manual
京成千葉線,,100,京成津田沼 京成幕張本郷 京成幕張 検見川 京成稲毛 みどり台 西登戸 新千葉 京成千葉 千葉中央,manual
京成千原線,,60,千葉中央 千葉寺 大森台 学園前 おゆみ野 ちはら台,manual
京成東成田線,,20,京成成田 東成田,manual
成田スカイアクセス線,,70,空港第2ビル 成田空港 成田湯川 印旛日本医大 千葉ニュータウン中央 新鎌ヶ谷 東松戸,manual
北総線,,70,印旛日本医大 印西牧の原 千葉ニュータウン中央 小室 白井 西白井 新鎌ヶ谷 大町 松飛台 東松戸 秋山 北国分 矢切,manual
新京成線,,130,京成津田沼 新津田沼 前原 薬園台 習志野 北習志野 高根木戸 高根公団 滝不動 三咲 二和向台 鎌ヶ谷大仏 初富 新鎌ヶ谷 北初富 くぬぎ山 元山 五香 常盤平 八柱 みのり台 松戸新田 上本郷 松戸,manual
東京メトロ東西線,東京メトロ東西線(西船橋〜中野),258,西船橋 原木中山 妙典 行徳 南行徳 浦安 葛西 西葛西 南砂町 東陽町 木場 門前仲町 茅場町 日本橋 大手町 竹橋 九段下 飯田橋 神楽坂 早稲田 高田馬場 落合 中野,auto_v3
都営新宿線,都営新宿線(新宿〜本八幡),195,新宿 新宿三丁目 曙橋 市ヶ谷 九段下 神保町 小川町 岩本町 馬喰横山 浜町 森下 菊川 住吉 西大島 大島 東大島 船堀 一之江 瑞江 篠崎 本八幡,auto_v3
東武野田線,東武野田線(大宮〜春日部),149,大宮 北大宮 大宮公園 大和田 七里 岩槻 東岩槻 豊春 八木崎 春日部,auto_v3
東武野田線,東武野田線(春日部〜運河),118,春日部 藤の牛島 南桜井 川間 七光台 清水公園 愛宕 野田市 梅郷 運河,auto_v3
東武野田線,東武野田線(運河〜船橋),145,運河 江戸川台 初石 流山おおたかの森 豊四季 柏 新柏 増尾 逆井 高柳 六実 新鎌ヶ谷 鎌ヶ谷 馬込沢 塚田 新船橋 船橋,auto_v3
東葉高速線,,110,西船橋 東海神 飯山満 北習志野 船橋日大前 八千代緑が丘 八千代中央 村上 東葉勝田台,manual
つくばエクスプレス,つくばエクスプレス(つくば〜守谷),119,つくば 研究学園 万博記念公園 みどりの みらい平 守谷,auto_v3
つくばエクスプレス,つくばエクスプレス(守谷〜秋葉原),217,守谷 柏たなか 柏の葉キャンパス 流山おおたかの森 流山セントラルパーク 南流山 三郷中央 八潮 六町 青井 北千住 南千住 浅草 新御徒町 秋葉原,auto_v3
小湊鐵道線,小湊鐵道線(五井〜上総牛久),32,五井 上総村上 海士有木 上総三又 上総山田 光風台 馬立 上総牛久,manual
小湊鐵道線,小湊鐵道線(上総牛久〜里見),10,上総川間 上総鶴舞 上総久保 高滝 里見,manual
小湊鐵道線,小湊鐵道線(里見〜養老渓谷),9,飯給 月崎 上総大久保 養老渓谷,manual
小湊鐵道線,小湊鐵道線(養老渓谷〜上総中野),5,養老渓谷 上総中野,manual
いすみ線,いすみ線(上総中野〜大多喜),3,上総中野 西畑 総元 久我原 東総元 小谷松 大多喜,manual
いすみ線,いすみ線(大多喜〜大原),12,城見ヶ丘 上総中川 国吉 新田野 上総東 西大原 大原,manual
ユーカリが丘線,,60,中学校 女子大 公園 地区センター ユーカリが丘 井野,manual
ディズニーリゾートライン,,200,東京ディズニーシー･ステーション リゾートゲートウェイ･ステーション 東京ディズニーランド･ステーション ベイサイド･ステーション,manual
銚子電気鉄道線,,20,銚子 仲ノ町 観音 本銚子 笠上黒生 西海鹿島 海鹿島 君ヶ浜 犬吠 外川,manual
芝山鉄道線,,20,芝山千代田 東成田,manual
流山線,,60,馬橋 幸谷 小金城趾 鰭ヶ崎 平和台 流山,manual
千葉モノレール1号線,,90,千葉みなと 市役所前 千葉 栄町 葭川公園 県庁前,manual
千葉モノレール2号線,,110,穴川 スポーツセンター 動物公園 みつわ台 都賀 桜木 小倉台 千城台北 千城台 千葉公園 作草部 天台 千葉,manual
山手線,,253,,auto_v1
根岸線,根岸線(山手〜磯子),193,山手 石川町 桜木町 横浜 関内 根岸 磯子,auto_v2
根岸線,根岸線(磯子〜大船),128,磯子 新杉田 洋光台 港南台 本郷台 大船,auto_v2
東海道線,東海道線(東京〜横浜),146,品川 川崎 横浜,auto_v2
東海道線,東海道線(横浜〜大船),136,横浜 戸塚 大船,auto_v2
東海道線,東海道線(大船〜小田原),131,大船 平塚 小田原,auto_v2
東海道線,東海道線(小田原〜熱海),64,小田原,auto_v2
高崎線,高崎線(大宮〜籠原),118,大宮 宮原 上尾 北上尾 桶川 北本 鴻巣 北鴻巣 吹上 行田 熊谷 籠原,manual
高崎線,高崎線(籠原〜神保原),64,籠原 深谷 岡部 本庄 神保原,manual
青梅線,青梅線(立川〜拝島),136,立川 西立川 東中神 中神 昭島 拝島,auto_v3
青梅線,青梅線(拝島〜青梅),108,拝島 牛浜 福生 羽村 小作 河辺 東青梅 青梅,auto_v3
青梅線,青梅線(青梅〜奥多摩),30,青梅 宮ノ平 日向和田 石神前 二俣尾 軍畑 沢井 御嶽 川井 古里 鳩ノ巣 白丸 奥多摩,auto_v3
五日市線,五日市線(拝島〜武蔵五日市),52,拝島 熊川 東秋留 秋川 武蔵引田 武蔵増戸 武蔵五日市,auto_v3
横須賀線,,90,,auto_v1
横浜線,横浜線(東神奈川〜橋本),158,東神奈川 大口 菊名 新横浜 小机 鴨居 中山 十日市場 長津田 成瀬 町田 古淵 淵野辺 矢部 相模原 橋本,auto_v3
横浜線,横浜線(橋本〜八王子),114,橋本 相原 八王子みなみ野 片倉 八王子,auto_v3
南武線,南武線(立川〜稲城長沼),136,立川 西国立 矢川 谷保 西府 分倍河原 府中本町 南多摩 稲城長沼,auto_v3
南武線,南武線(稲城長沼〜登戸),156,稲城長沼 矢野口 稲田堤 中野島 登戸,auto_v3
南武線,南武線(登戸〜川崎),179,登戸 宿河原 久地 津田山 武蔵溝ノ口 武蔵新城 武蔵中原 武蔵小杉 向河原 平間 鹿島田 矢向 尻手 八丁畷 川崎新町 小田栄 浜川崎 川崎,auto_v3
鶴見線,鶴見線(鶴見〜弁天橋),94,鶴見 国道 鶴見小野 弁天橋,manual
鶴見線,鶴見線(弁天橋〜浅野),85,弁天橋 浅野,manual
鶴見線,鶴見線(浅野〜安善),61,浅野 安善,manual
鶴見線,鶴見線(安善〜武蔵白石),52,安善 武蔵白石,manual
鶴見線,鶴見線(武蔵白石〜浜川崎),46,武蔵白石 浜川崎,manual
鶴見線,鶴見線(浜川崎〜扇町),31,浜川崎 昭和 扇町,manual
鶴見線,鶴見線(浅野〜海芝浦),24,浅野 新芝浦 海芝浦,manual
鶴見線,鶴見線(武蔵白石〜大川),9,武蔵白石 大川,manual
八高線,八高線(高崎〜児玉),22,高崎 倉賀野 北藤岡 群馬藤岡 丹荘 児玉,auto_v3
八高線,八高線(児玉〜高麗川),15,児玉 松久 用土 寄居 折原 竹沢 小川町 明覚 越生 毛呂 高麗川,auto_v3
八高線,八高線(高麗川〜八王子),44,高麗川 東飯能 金子 箱根ケ崎 東福生 拝島 小宮 北八王子 八王子,auto_v3
川越線,川越線(大宮〜川越),71,大宮 日進 西大宮 指扇 南古谷 川越,auto_v2
川越線,川越線(川越〜高麗川),47,川越 西川越 的場 笠幡 武蔵高萩 高麗川,auto_v2
埼京線,,171,,auto_v1
相模線,相模線(橋本〜茅ケ崎),61,橋本 南橋本 上溝 番田 原当麻 下溝 相武台下 入谷 海老名 厚木 社家 門沢橋 倉見 宮山 寒川 香川 北茅ケ崎 茅ケ崎,auto_v3
常磐線,常磐線(日暮里〜綾瀬),134,日暮里 三河島 南千住 北千住 綾瀬,manual
常磐線,常磐線(綾瀬〜我孫子),158,綾瀬 亀有 金町 我孫子,manual
常磐線,常磐線(我孫子〜松戸),114,我孫子 松戸,manual
常磐線,常磐線(松戸〜新松戸),133,松戸 新松戸,manual
常磐線,常磐線(新松戸〜北柏),150,新松戸 天王台 南柏 馬橋 柏 北小金 北松戸 北柏,manual
常磐線,常磐線(北柏〜水戸),110,北柏 取手 藤代 龍ケ崎市 牛久 ひたち野うしく 荒川沖 土浦 神立 高浜 石岡 羽鳥 岩間 友部 内原 水戸,manual
常磐線,常磐線(水戸〜いわき),55,水戸 偕楽園 赤塚 勝田 佐和 東海 大甕 常陸多賀 日立 小木津 十王 高萩 南中郷 磯原 大津港 勿来 植田 泉 湯本 内郷 いわき,manual
常磐線,常磐線(いわき〜亘理),25,いわき 草野 四ツ倉 久ノ浜 末続 広野 Jヴィレッジ 木戸 竜田 富岡 夜ノ森 大野 双葉 浪江 桃内 小高 磐城太田 原ノ町 鹿島 日立木 相馬 駒ヶ嶺 新地 坂元 山下 浜吉田 亘理,manual
常磐線,常磐線(亘理〜岩沼),27,亘理 逢隈 岩沼,manual
東北新幹線,東北新幹線(東京〜小山),107,東京 上野 大宮 小山,auto_v2
東北新幹線,東北新幹線(小山〜宇都宮),27,小山 宇都宮,auto_v2
東北新幹線,東北新幹線(宇都宮〜那須塩原),60,宇都宮 那須塩原,auto_v2
東北新幹線,東北新幹線(那須塩原〜郡山),17,那須塩原 新白河 郡山,auto_v2
東北新幹線,東北新幹線(郡山〜仙台),47,郡山 福島 白石蔵王 仙台,auto_v2
東北新幹線,東北新幹線(仙台〜古川),58,仙台 古川,auto_v2
東北新幹線,東北新幹線(古川〜盛岡),21,古川 くりこま高原 一ノ関 水沢江刺 北上 新花巻 盛岡,auto_v2
東北新幹線,東北新幹線(盛岡〜いわて沼宮内),39,盛岡 いわて沼宮内,auto_v2
東北新幹線,東北新幹線(いわて沼宮内〜二戸),8,いわて沼宮内 二戸,auto_v2
東北新幹線,東北新幹線(二戸〜八戸),18,二戸 八戸,auto_v2
東北新幹線,東北新幹線(八戸〜新青森),33,八戸 七戸十和田 新青森,auto_v2
上越新幹線,上越新幹線(大宮〜熊谷),24,大宮 熊谷,auto_v1
上越新幹線,上越新幹線(熊谷〜本庄早稲田),24,熊谷 本庄早稲田,auto_v1
東海道新幹線,,242,,auto_v1
御殿場線,御殿場線(国府津〜御殿場),27,国府津 下曽我 上大井 相模金子 松田 東山北 山北 谷峨 駿河小山 足柄 御殿場,manual
御殿場線,御殿場線(御殿場〜沼津),35,御殿場 南御殿場 富士岡 岩波 裾野 長泉なめり 下土狩 大岡 沼津,manual
東京メトロ銀座線,東京メトロ銀座線(浅草〜渋谷),308,浅草 田原町 稲荷町 上野 上野広小路 末広町 神田 三越前 日本橋 京橋 銀座 新橋 虎ノ門 溜池山王 赤坂見附 青山一丁目 外苑前 表参道 渋谷,auto_v3
東京メトロ丸ノ内線,東京メトロ丸ノ内線(荻窪〜中野坂上),234,荻窪 南阿佐ケ谷 新高円寺 東高円寺 新中野 中野坂上,auto_v3
東京メトロ丸ノ内線,東京メトロ丸ノ内線(中野坂上〜池袋),312,中野坂上 西新宿 新宿 新宿三丁目 新宿御苑前 四谷三丁目 四ツ谷 赤坂見附 国会議事堂前 霞ケ関 銀座 東京 大手町 淡路町 御茶ノ水 本郷三丁目 後楽園 茗荷谷 新大塚 池袋,auto_v3
東京メトロ日比谷線,東京メトロ日比谷線(北千住〜中目黒),280,北千住 南千住 三ノ輪 入谷 上野 仲御徒町 秋葉原 小伝馬町 人形町 茅場町 八丁堀 築地 東銀座 銀座 日比谷 霞ケ関 虎ノ門ヒルズ 神谷町 六本木 広尾 恵比寿 中目黒,auto_v3
東京メトロ千代田線,東京メトロ千代田線(北綾瀬〜綾瀬),124,北綾瀬 綾瀬,auto_v3
東京メトロ千代田線,東京メトロ千代田線(綾瀬〜代々木上原),256,綾瀬 北千住 町屋 西日暮里 千駄木 根津 湯島 新御茶ノ水 大手町 二重橋前〈丸の内〉 日比谷 霞ケ関 国会議事堂前 赤坂 乃木坂 表参道 明治神宮前〈原宿〉 代々木公園 代々木上原,auto_v3
東京メトロ有楽町線,東京メトロ有楽町線(和光市〜小竹向原),148,和光市 地下鉄成増 地下鉄赤塚 平和台 氷川台 小竹向原,auto_v3
東京メトロ有楽町線,東京メトロ有楽町線(小竹向原〜新木場),222,小竹向原 千川 要町 池袋 東池袋 護国寺 江戸川橋 飯田橋 市ケ谷 麴町 永田町 桜田門 有楽町 銀座一丁目 新富町 月島 豊洲 辰巳 新木場,auto_v3
東京メトロ半蔵門線,東京メトロ半蔵門線(押上〈スカイツリー前〉〜渋谷),270,押上〈スカイツリー前〉 錦糸町 住吉 清澄白河 水天宮前 三越前 大手町 神保町 九段下 半蔵門 永田町 青山一丁目 表参道 渋谷,auto_v3
東京メトロ南北線,東京メトロ南北線(目黒〜白金高輪),126,目黒 白金台 白金高輪,auto_v3
東京メトロ南北線,東京メトロ南北線(白金高輪〜赤羽岩淵),189,白金高輪 麻布十番 六本木一丁目 溜池山王 永田町 四ツ谷 市ケ谷 飯田橋 後楽園 東大前 本駒込 駒込 西ケ原 王子 王子神谷 志茂 赤羽岩淵,auto_v3
東京メトロ副都心線,東京メトロ副都心線(和光市〜小竹向原),154,和光市 地下鉄成増 地下鉄赤塚 平和台 氷川台 小竹向原,auto_v3
東京メトロ副都心線,東京メトロ副都心線(小竹向原〜渋谷),223,小竹向原 千川 要町 池袋 雑司が谷 西早稲田 東新宿 新宿三丁目 北参道 明治神宮前〈原宿〉 渋谷,auto_v3
都営浅草線,都営浅草線(押上〜泉岳寺),253,押上 本所吾妻橋 浅草 蔵前 浅草橋 東日本橋 人形町 日本橋 宝町 東銀座 新橋 大門 三田 泉岳寺,auto_v3
都営浅草線,都営浅草線(泉岳寺〜西馬込),165,泉岳寺 高輪台 五反田 戸越 中延 馬込 西馬込,auto_v3
都営三田線,都営三田線(目黒〜白金高輪),129,目黒 白金台 白金高輪,auto_v3
都営三田線,都営三田線(白金高輪〜高島平),201,白金高輪 三田 芝公園 御成門 内幸町 日比谷 大手町 神保町 水道橋 春日 白山 千石 巣鴨 西巣鴨 新板橋 板橋区役所前 板橋本町 本蓮沼 志村坂上 志村三丁目 蓮根 西台 高島平,auto_v3
都営三田線,都営三田線(高島平〜西高島平),181,高島平 新高島平 西高島平,auto_v3
都営大江戸線,都営大江戸線(光が丘〜門前仲町),212,光が丘 練馬春日町 豊島園 練馬 新江古田 落合南長崎 中井 東中野 中野坂上 西新宿五丁目 都庁前 新宿 代々木 国立競技場 青山一丁目 六本木 麻布十番 赤羽橋 大門 汐留 築地市場 勝どき 月島 門前仲町,auto_v2
都営大江戸線,都営大江戸線(都庁前〜清澄白河),200,都庁前 新宿西口 東新宿 若松河田 牛込柳町 牛込神楽坂 飯田橋 春日 本郷三丁目 上野御徒町 新御徒町 蔵前 両国 森下 清澄白河,auto_v2
都電荒川線,都電荒川線(三ノ輪橋〜早稲田),165,三ノ輪橋 荒川一中前 荒川区役所前 荒川二丁目 荒川七丁目 町屋駅前 町屋二丁目 東尾久三丁目 熊野前 宮ノ前 小台 荒川遊園地前 荒川車庫前 梶原 栄町 王子駅前 飛鳥山 滝野川一丁目 西ヶ原四丁目 新庚申塚 庚申塚 巣鴨新田 大塚駅前 向原 東池袋四丁目 都電雑司ヶ谷 鬼子母神前 学習院下 面影橋 早稲田,auto_v3
横浜市営ブルーライン,横浜市営ブルーライン(湘南台〜あざみ野),157,湘南台 下飯田 立場 中田 踊場 戸塚 舞岡 下永谷 上永谷 港南中央 上大岡 弘明寺 蒔田 吉野町 阪東橋 伊勢佐木長者町 関内 桜木町 高島町 横浜 三ツ沢下町 三ツ沢上町 片倉町 岸根公園 新横浜 北新横浜 新羽 仲町台 センター南 センター北 中川 あざみ野,auto_v3
横浜市営グリーンライン,横浜市営グリーンライン(日吉〜中山),165,日吉 日吉本町 高田 東山田 北山田 センター北 センター南 都筑ふれあいの丘 川和町 中山,auto_v3
京急本線,京急本線(泉岳寺〜大森海岸),178,泉岳寺 品川 北品川 新馬場 青物横丁 鮫洲 立会川 大森海岸,auto_v2
京急本線,京急本線(大森海岸〜浦賀),109,大森海岸 平和島 大森町 梅屋敷 京急蒲田 雑色 六郷土手 京急川崎 八丁畷 鶴見市場 京急鶴見 花月総持寺 生麦 京急新子安 子安 神奈川新町 京急東神奈川 神奈川 横浜 戸部 日ノ出町 黄金町 南太田 井土ヶ谷 弘明寺 上大岡 屏風浦 杉田 京急富岡 能見台 金沢文庫 金沢八景 追浜 京急田浦 安針塚 逸見 汐入 横須賀中央 県立大学 堀ノ内 京急大津 馬堀海岸 浦賀,auto_v2
京急久里浜線,京急久里浜線(堀ノ内〜京急久里浜),138,堀ノ内 新大津 北久里浜 京急久里浜,auto_v2
京急久里浜線,京急久里浜線(京急久里浜〜三崎口),92,京急久里浜 YRP野比 京急長沢 津久井浜 三浦海岸 三崎口,auto_v2
京急逗子線,,114,,auto_v1
京急空港線,京急空港線(羽田空港第1・第2ターミナル〜天空橋),192,羽田空港第1・第2ターミナル 羽田空港第3ターミナル 天空橋,auto_v2
京急空港線,京急空港線(天空橋〜京急蒲田),164,天空橋 穴守稲荷 大鳥居 糀谷 京急蒲田,auto_v2
京急大師線,,133,,auto_v1
京王線,京王線(京王八王子〜北野),122,京王八王子 北野,auto_v3
京王線,京王線(北野〜調布),216,北野 長沼 平山城址公園 南平 高幡不動 百草園 聖蹟桜ヶ丘 中河原 分倍河原 府中 東府中 多磨霊園 武蔵野台 飛田給 西調布 調布,auto_v3
京王線,京王線(調布〜笹塚),394,調布 布田 国領 柴崎 つつじヶ丘 仙川 千歳烏山 芦花公園 八幡山 上北沢 桜上水 下高井戸 明大前 代田橋 笹塚,auto_v3
京王線,京王線(笹塚〜新宿),289,笹塚 幡ヶ谷 初台 新宿,auto_v3
相模原線,相模原線(調布〜京王多摩センター),179,調布 京王多摩川 京王稲田堤 京王よみうりランド 稲城 若葉台 京王永山 京王多摩センター,auto_v3
相模原線,相模原線(京王多摩センター〜橋本),147,京王多摩センター 京王堀之内 南大沢 多摩境 橋本,auto_v3
高尾線,高尾線(北野〜高尾山口),109,北野 京王片倉 山田 めじろ台 狭間 高尾 高尾山口,auto_v3
競馬場線,競馬場線(府中競馬正門前〜東府中),54,府中競馬正門前 東府中,auto_v3
動物園線,動物園線(多摩動物公園〜高幡不動),58,多摩動物公園 高幡不動,auto_v3
井の頭線,井の頭線(吉祥寺〜渋谷),294,吉祥寺 井の頭公園 三鷹台 久我山 富士見ヶ丘 高井戸 浜田山 西永福 永福町 明大前 東松原 新代田 下北沢 池ノ上 駒場東大前 神泉 渋谷,auto_v3
小田原線,小田原線(小田原〜足柄),164,小田原 足柄,auto_v2
小田原線,小田原線(足柄〜海老名),138,足柄 螢田 富水 栢山 開成 新松田 渋沢 秦野 東海大学前 鶴巻温泉 伊勢原 愛甲石田 本厚木 厚木 海老名,auto_v2
小田原線,小田原線(海老名〜小田急相模原),253,海老名 座間 相武台前 小田急相模原,auto_v2
小田原線,小田原線(小田急相模原〜新宿),300,小田急相模原 相模大野 町田 玉川学園前 鶴川 柿生 新百合ヶ丘 百合ヶ丘 読売ランド前 生田 向ヶ丘遊園 登戸 和泉多摩川 狛江 喜多見 成城学園前 祖師ヶ谷大蔵 千歳船橋 経堂 豪徳寺 梅ヶ丘 世田谷代田 下北沢 東北沢 代々木上原 代々木八幡 参宮橋 南新宿 新宿,auto_v2
小田急江ノ島線,小田急江ノ島線(相模大野〜長後),172,相模大野 東林間 高座渋谷 鵠沼海岸 桜ヶ丘 湘南台 善行 大和 中央林間 長後,auto_v2
小田急江ノ島線,小田急江ノ島線(長後〜藤沢),127,長後 鶴間 藤沢,auto_v2
小田急江ノ島線,小田急江ノ島線(藤沢〜六会日大前),100,藤沢 藤沢本町 南林間 片瀬江ノ島 本鵠沼 六会日大前,auto_v2
多摩線,,117,,auto_v1
東横線,,327,,auto_v1
目黒線,目黒線(目黒〜不動前),263,目黒 不動前,auto_v2
目黒線,目黒線(不動前〜田園調布),195,不動前 武蔵小山 西小山 洗足 大岡山 奥沢 田園調布,auto_v2
田園都市線,田園都市線(渋谷〜二子新地),192,渋谷 池尻大橋 三軒茶屋 駒沢大学 桜新町 用賀 二子玉川 二子新地,auto_v1
田園都市線,田園都市線(二子新地〜高津),192,二子新地 高津,auto_v1
田園都市線,田園都市線(高津〜梶が谷),192,高津 溝の口 梶が谷,auto_v1
田園都市線,田園都市線(梶が谷〜中央林間),192,梶が谷 宮崎台 宮前平 鷺沼 たまプラーザ あざみ野 江田 市が尾 藤が丘 青葉台 田奈 長津田 つくし野 すずかけ台 南町田グランベリーパーク つきみ野 中央林間,auto_v1
大井町線,大井町線(大井町〜下神明),260,大井町 下神明,auto_v2
大井町線,大井町線(下神明〜二子玉川),197,下神明 戸越公園 中延 荏原町 旗の台 北千束 大岡山 緑が丘 自由が丘 九品仏 尾山台 等々力 上野毛 二子玉川,auto_v2
池上線,,209,,auto_v1
東急多摩川線,,190,,auto_v1
世田谷線,,173,,auto_v1
こどもの国線,,72,,auto_v1
東急新横浜線,,171,,auto_v1
西武池袋線,西武池袋線(吾野〜飯能),36,吾野 東吾野 武蔵横手 高麗 東飯能 飯能,auto_v2
西武池袋線,西武池袋線(飯能〜小手指),138,飯能 元加治 仏子 入間市 稲荷山公園 武蔵藤沢 狭山ヶ丘 小手指,auto_v2
西武池袋線,西武池袋線(小手指〜所沢),183,小手指 西所沢 所沢,auto_v2
西武池袋線,西武池袋線(所沢〜秋津),265,所沢 秋津,auto_v2
西武池袋線,西武池袋線(秋津〜ひばりヶ丘),185,秋津 清瀬 東久留米 ひばりヶ丘,auto_v2
西武池袋線,西武池袋線(ひばりヶ丘〜池袋),220,ひばりヶ丘 保谷 大泉学園 石神井公園 練馬高野台 富士見台 中村橋 練馬 桜台 江古田 東長崎 椎名町 池袋,auto_v2
西武新宿線,西武新宿線(本川越〜所沢),132,本川越 南大塚 新狭山 狭山市 入曽 新所沢 航空公園 所沢,auto_v2
西武新宿線,西武新宿線(所沢〜小平),160,所沢 東村山 久米川 小平,auto_v2
西武新宿線,西武新宿線(小平〜田無),207,小平 花小金井 田無,auto_v2
西武新宿線,西武新宿線(田無〜高田馬場),244,田無 西武柳沢 東伏見 武蔵関 上石神井 上井草 井荻 下井草 鷺ノ宮 都立家政 野方 沼袋 新井薬師前 中井 下落合 高田馬場,auto_v2
西武新宿線,西武新宿線(高田馬場〜西武新宿),295,高田馬場 西武新宿,auto_v2
西武秩父線,西武秩父線(西武秩父〜横瀬),51,西武秩父 横瀬,auto_v2
西武秩父線,西武秩父線(横瀬〜吾野),35,横瀬 芦ヶ久保 正丸 西吾野 吾野,auto_v2
拝島線,拝島線(小平〜玉川上水),113,小平 萩山 小川 東大和市 玉川上水,auto_v2
拝島線,拝島線(玉川上水〜拝島),92,玉川上水 武蔵砂川 西武立川 拝島,auto_v2
多摩湖線,多摩湖線(国分寺〜萩山),109,国分寺 一橋学園 青梅街道 萩山,auto_v2
多摩湖線,多摩湖線(萩山〜多摩湖),83,萩山 八坂 武蔵大和 多摩湖,auto_v2
西武多摩川線,,90,,auto_v1
国分寺線,,110,,auto_v1
西武山口線,,42,,auto_v1
狭山線,,69,,auto_v1
西武園線,,64,,auto_v1
西武有楽町線,西武有楽町線(小竹向原〜新桜台),142,小竹向原 新桜台,auto_v2
西武有楽町線,西武有楽町線(新桜台〜練馬),128,新桜台 練馬,auto_v2
豊島線,,77,,auto_v1
東武伊勢崎線,東武伊勢崎線(伊勢崎〜細谷),39,伊勢崎 新伊勢崎 剛志 境町 世良田 木崎 細谷,auto_v2
東武伊勢崎線,東武伊勢崎線(細谷〜多々良),67,細谷 太田 韮川 野州山辺 足利市 東武和泉 福居 県 多々良,auto_v2
東武伊勢崎線,東武伊勢崎線(多々良〜茂林寺前),84,多々良 館林 茂林寺前,auto_v2
東武伊勢崎線,東武伊勢崎線(茂林寺前〜花崎),75,茂林寺前 川俣 羽生 南羽生 加須 花崎,auto_v2
東武伊勢崎線,東武伊勢崎線(花崎〜東武動物公園),91,花崎 鷲宮 久喜 和戸 東武動物公園,auto_v2
東武伊勢崎線,東武伊勢崎線(東武動物公園〜大袋),214,東武動物公園 姫宮 北春日部 春日部 一ノ割 武里 せんげん台 大袋,auto_v2
東武伊勢崎線,東武伊勢崎線(大袋〜草加),277,大袋 北越谷 越谷 新越谷 蒲生 新田 獨協大学前 草加,auto_v2
東武伊勢崎線,東武伊勢崎線(草加〜梅島),308,草加 谷塚 竹ノ塚 西新井 梅島,auto_v2
東武伊勢崎線,東武伊勢崎線(梅島〜牛田),272,梅島 五反野 小菅 北千住 牛田,auto_v2
東武伊勢崎線,東武伊勢崎線(牛田〜浅草),112,牛田 堀切 鐘ヶ淵 東向島 曳舟 押上 とうきょうスカイツリー 浅草,auto_v2
東武東上線,東武東上線(寄居〜小川町),52,寄居 玉淀 鉢形 男衾 みなみ寄居<ホンダ寄居前> 東武竹沢 小川町,auto_v3
東武東上線,東武東上線(小川町〜森林公園),65,小川町 武蔵嵐山 つきのわ 森林公園,auto_v3
東武東上線,東武東上線(森林公園〜川越市),151,森林公園 東松山 高坂 北坂戸 坂戸 若葉 鶴ヶ島 霞ヶ関 川越市,auto_v3
東武東上線,東武東上線(川越市〜志木),269,川越市 川越 新河岸 上福岡 ふじみ野 鶴瀬 みずほ台 柳瀬川 志木,auto_v3
東武東上線,東武東上線(志木〜和光市),328,志木 朝霞台 朝霞 和光市,auto_v3
東武東上線,東武東上線(和光市〜成増),231,和光市 成増,auto_v3
東武東上線,東武東上線(成増〜池袋),315,成増 下赤塚 東武練馬 上板橋 ときわ台 中板橋 大山 下板橋 北池袋 池袋,auto_v3
東武宇都宮線,東武宇都宮線(新栃木〜東武宇都宮),43,新栃木 野州平川 野州大塚 壬生 国谷 おもちゃのまち 安塚 西川田 江曽島 南宇都宮 東武宇都宮,auto_v3
東武日光線,東武日光線(東武動物公園〜南栗橋),106,東武動物公園 杉戸高野台 幸手 南栗橋,auto_v3
東武日光線,東武日光線(南栗橋〜新栃木),75,南栗橋 栗橋 新古河 柳生 板倉東洋大前 藤岡 静和 新大平下 栃木 新栃木,auto_v3
東武日光線,東武日光線(新栃木〜東武日光),56,新栃木 合戦場 家中 東武金崎 楡木 樅山 新鹿沼 北鹿沼 板荷 下小代 明神 下今市 上今市 東武日光,auto_v3
東武亀戸線,東武亀戸線(亀戸〜曳舟),115,亀戸 亀戸水神 東あずま 小村井 曳舟,auto_v3
東武大師線,東武大師線(大師前〜西新井),110,大師前 西新井,auto_v3
東武越生線,東武越生線(越生〜坂戸),73,越生 武州唐沢 東毛呂 武州長瀬 川角 西大家 一本松 坂戸,auto_v3
相鉄本線,相鉄本線(海老名〜二俣川),206,海老名 かしわ台 さがみ野 相模大塚 大和 瀬谷 三ツ境 希望ケ丘 二俣川,auto_v3
相鉄本線,相鉄本線(二俣川〜西谷),339,二俣川 鶴ケ峰 西谷,auto_v3
相鉄本線,相鉄本線(西谷〜横浜),244,西谷 上星川 和田町 星川 天王町 西横浜 平沼橋 横浜,auto_v3
相鉄いずみ野線,相鉄いずみ野線(二俣川〜湘南台),127,二俣川 南万騎が原 緑園都市 弥生台 いずみ野 いずみ中央 ゆめが丘 湘南台,auto_v3
相鉄新横浜線,相鉄新横浜線(新横浜〜羽沢横浜国大),102,新横浜 羽沢横浜国大,auto_v3
相鉄新横浜線,相鉄新横浜線(羽沢横浜国大〜西谷),148,羽沢横浜国大 西谷,auto_v3
京成押上線,京成押上線(押上〜京成曳舟),255,押上 京成曳舟,auto_v2
京成押上線,京成押上線(京成曳舟〜青砥),170,京成曳舟 八広 四ツ木 京成立石 青砥,auto_v2
京成金町線,,89,,auto_v1
ゆりかもめ,,237,,auto_v1
りんかい線,りんかい線(大崎〜新木場),142,大崎 大井町 品川シーサイド 天王洲アイル 東京テレポート 国際展示場 東雲 新木場,auto_v3
東京モノレール羽田線,東京モノレール羽田線(モノレール浜松町〜羽田空港第3ターミナル),144,モノレール浜松町 天王洲アイル 大井競馬場前 流通センター 昭和島 整備場 天空橋 羽田空港第3ターミナル,auto_v2
東京モノレール羽田線,東京モノレール羽田線(羽田空港第3ターミナル〜羽田空港第2ターミナル),215,羽田空港第3ターミナル 新整備場 羽田空港第1ターミナル 羽田空港第2ターミナル,auto_v2
多摩都市モノレール線,多摩都市モノレール線(上北台〜多摩センター),118,上北台 桜街道 玉川上水 砂川七番 泉体育館 立飛 高松 立川北 立川南 柴崎体育館 甲州街道 万願寺 高幡不動 程久保 多摩動物公園 中央大学・明星大学 大塚・帝京大学 松が谷 多摩センター,auto_v3
埼玉高速鉄道線,,149,,auto_v1
ニューシャトル,,112,,auto_v1
日暮里・舎人ライナー,日暮里・舎人ライナー(日暮里〜見沼代親水公園),248,日暮里 西日暮里 赤土小学校前 熊野前 足立小台 扇大橋 高野 江北 西新井大師西 谷在家 舎人公園 舎人 見沼代親水公園,auto_v3
みなとみらい21線,みなとみらい21線(横浜〜日本大通り),298,横浜 新高島 みなとみらい 元町・中華街 日本大通り,auto_v2
みなとみらい21線,みなとみらい21線(日本大通り〜馬車道),266,日本大通り 馬車道,auto_v2
江ノ島電鉄,,76,,auto_v1
湘南モノレール,,140,,auto_v1
箱根登山鉄道,,53,,auto_v1
箱根登山ケーブルカー,,30,,auto_v1
御岳登山ケーブルカー,,27,,auto_v1
高尾登山ケーブルカー,,51,,auto_v1
大山ケーブルカー,,24,,auto_v1
伊豆箱根大雄山線,,71,,auto_v1
秩父本線,秩父本線(三峰口〜影森),14,三峰口 白久 武州日野 武州中川 浦山口 影森,auto_v2
秩父本線,秩父本線(影森〜羽生),33,影森 御花畑 秩父 大野原 和銅黒谷 皆野 親鼻 上長瀞 長瀞 野上 樋口 波久礼 寄居 桜沢 小前田 ふかや花園 永田 武川 明戸 大麻生 ひろせ野鳥の森 石原 上熊谷 熊谷 ソシオ流通センター 持田 行田市 東行田 武州荒木 新郷 西羽生 羽生,auto_v2
金沢シーサイドライン,,154,,auto_v1
京浜東北線,,264,,auto_v1
宇都宮線,,147,,auto_v1
湘南新宿ライン,,92,,auto_v1
中央線快速,,166,,auto_v1
中央本線,中央本線(高尾〜甲府),70,上野原 四方津 梁川 鳥沢 猿橋 大月 初狩 笹子 甲斐大和 勝沼ぶどう郷 塩山 東山梨 山梨市 春日居町 石和温泉 酒折 甲府,manual
中央本線,中央本線(甲府〜塩尻),61,甲府 竜王 塩崎 韮崎 新府 穴山 日野春 長坂 小淵沢 信濃境 富士見 すずらんの里 青柳 茅野 上諏訪 下諏訪 岡谷 川岸 辰野 みどり湖 信濃川島 小野 塩尻,manual
相鉄・JR直通線,,46,,manual
中央・総武線各駅停車,中央・総武線各駅停車(錦糸町〜西船橋),231,錦糸町 亀戸 平井 新小岩 小岩 市川 本八幡 下総中山 西船橋,manual
中央・総武線各駅停車,中央・総武線各駅停車(西船橋〜津田沼),225,船橋 東船橋 津田沼,manual
中央・総武線各駅停車,中央・総武線各駅停車(津田沼〜千葉),140,幕張本郷 幕張 新検見川 稲毛 西千葉 千葉,manual
わたらせ渓谷線,わたらせ渓谷線(間藤〜大間々),10,間藤 足尾 通洞 原向 沢入 神戸 小中 中野 花輪 水沼 本宿 上神梅 大間々,auto_v2
わたらせ渓谷線,わたらせ渓谷線(大間々〜桐生),18,大間々 運動公園 相老 下新田 桐生,auto_v2
上信線,,31,,auto_v1
上毛線,,37,,auto_v1
上越線,,18,,auto_v1
両毛線,両毛線(小山〜伊勢崎),29,小山 思川 栃木 大平下 岩舟 佐野 富田 あしかがフラワーパーク 足利 山前 小俣 桐生 岩宿 国定 伊勢崎,auto_v2
両毛線,両毛線(伊勢崎〜前橋大島),41,伊勢崎 駒形 前橋大島,auto_v2
両毛線,両毛線(前橋大島〜新前橋),54,前橋大島 前橋 新前橋,auto_v2
会津鬼怒川線,,8,,auto_v1
信越線,信越線(高崎〜横川),23,磯部 松井田 西松井田 高崎 安中 横川 群馬八幡 北高崎,manual
信越線,信越線(篠ノ井〜長野),73,篠ノ井 今井 川中島 安茂里 長野,manual
信越線,信越線(直江津〜新津),28,直江津 黒井 犀潟 土底浜 潟町 上下浜 柿崎 米山 笠島 北条 安田 青海川 塚山 鯨波 茨目 越後広田 柏崎 長鳥 越後岩塚 来迎寺 前川 宮内 長岡 北長岡 押切 見附 帯織 東光寺 三条 東三条 保内 加茂 羽生田 田上 矢代田 古津 新津,manual
信越線,信越線(新津〜新潟),62,新津 さつき野 荻川 亀田 越後石山 新潟,manual
北陸新幹線,北陸新幹線(金沢〜富山),41,金沢 新高岡 富山,auto_v2
北陸新幹線,北陸新幹線(富山〜黒部宇奈月温泉),62,富山 黒部宇奈月温泉,auto_v2
北陸新幹線,北陸新幹線(黒部宇奈月温泉〜高崎),41,黒部宇奈月温泉 糸魚川 上越妙高 飯山 長野 上田 佐久平 軽井沢 安中榛名 高崎,auto_v2
吾妻線,吾妻線(渋川〜万座・鹿沢口),11,渋川 金島 祖母島 小野上 小野上温泉 市城 中之条 群馬原町 郷原 矢倉 岩島 川原湯温泉 長野原草津口 群馬大津 羽根尾 袋倉 万座・鹿沢口,auto_v2
吾妻線,吾妻線(万座・鹿沢口〜大前),4,万座・鹿沢口 大前,auto_v2
大洗鹿島線,大洗鹿島線(水戸〜大洗),36,水戸 東水戸 常澄 大洗,auto_v2
大洗鹿島線,大洗鹿島線(大洗〜鹿島サッカースタジアム),21,大洗 涸沼 鹿島旭 徳宿 新鉾田 北浦湖畔 大洋 鹿島灘 鹿島大野 長者ヶ浜潮騒はまなす公園前 荒野台 鹿島サッカースタジアム,auto_v2
宇都宮芳賀ライトレール線,,94,,auto_v1
常総線,常総線(下館〜水海道),33,下館 大田郷 黒子 騰波ノ江 大宝 下妻 宗道 玉村 石下 南石下 三妻 中妻 北水海道 水海道,auto_v2
常総線,常総線(水海道〜取手),80,水海道 小絹 新守谷 守谷 南守谷 戸頭 稲戸井 ゆめみ野 新取手 寺原 西取手 取手,auto_v2
日光線,,23,,auto_v1
東武佐野線,東武佐野線(館林〜葛生),31,館林 渡瀬 田島 佐野市 佐野 堀米 吉水 田沼 多田 葛生,auto_v3
東武小泉線,東武小泉線(館林〜西小泉),31,館林 成島 本中野 篠塚 東小泉 小泉町 西小泉,auto_v3
東武桐生線,東武桐生線(太田〜赤城),41,太田 三枚橋 治良門橋 藪塚 阿左美 新桐生 相老 赤城,auto_v3
東武鬼怒川線,東武鬼怒川線(新藤原〜鬼怒川温泉),25,新藤原 鬼怒川公園 鬼怒川温泉,auto_v3
東武鬼怒川線,東武鬼怒川線(鬼怒川温泉〜下今市),33,鬼怒川温泉 東武ワールドスクウェア 小佐越 新高徳 大桑 大谷向 下今市,auto_v3
水戸線,水戸線(友部〜下館),25,友部 宍戸 笠間 稲田 福原 羽黒 岩瀬 大和 新治 下館,auto_v2
水戸線,水戸線(下館〜小山),32,下館 玉戸 川島 東結城 結城 小田林 小山,auto_v2
水郡線,,13,,manual
湊線,,31,,auto_v1
烏山線,,13,,auto_v1
真岡線,,23,,auto_v1
竜ヶ崎線,,40,,auto_v1
筑波山鋼索鉄道線,,25,,auto_v1
いわて銀河鉄道線,いわて銀河鉄道線(盛岡〜滝沢),36,盛岡 青山 厨川 巣子 滝沢,auto_v2
いわて銀河鉄道線,いわて銀河鉄道線(滝沢〜いわて沼宮内),26,滝沢 渋民 好摩 岩手川口 いわて沼宮内,auto_v2
いわて銀河鉄道線,いわて銀河鉄道線(いわて沼宮内〜目時),12,いわて沼宮内 御堂 奥中山高原 小繋 小鳥谷 一戸 二戸 斗米 金田一温泉 目時,auto_v2
フラワー長井線,,8,,auto_v1
三陸鉄道リアス線,,12,,auto_v1
五能線,,15,,auto_v1
仙台市営南北線,,157,,auto_v1
仙台市営東西線,,140,,auto_v1
仙台空港線,,44,,auto_v1
仙山線,仙山線(仙台〜愛子),52,仙台 東照宮 北仙台 北山 東北福祉大前 国見 葛岡 陸前落合 愛子,auto_v2
仙山線,仙山線(愛子〜羽前千歳),19,愛子 陸前白沢 熊ヶ根 作並 奥新川 面白山高原 山寺 高瀬 楯山 羽前千歳,auto_v2
仙石線,仙石線(高城町〜陸前浜田),32,高城町 鹿妻 蛇田 手樽 石巻 石巻あゆみ野 東名 東矢本 野蒜 矢本 陸前山下 陸前小野 陸前赤井 陸前大塚 陸前富山 松島海岸 陸前浜田,auto_v2
仙石線,仙石線(陸前浜田〜東塩釜),39,陸前浜田 東塩釜,auto_v2
仙石線,仙石線(東塩釜〜榴ヶ岡),93,東塩釜 あおば通 下馬 宮城野原 苦竹 小鶴新田 西塩釜 仙台 多賀城 中野栄 福田町 本塩釜 陸前原ノ町 陸前高砂 榴ヶ岡,auto_v2
会津線,,12,,auto_v1
八戸線,八戸線(八戸〜鮫),20,八戸 長苗代 本八戸 小中野 陸奥湊 白銀 鮫,auto_v2
八戸線,八戸線(鮫〜久慈),8,鮫 陸奥白浜 種差海岸 大久喜 金浜 大蛇 階上 角の浜 平内 種市 玉川 宿戸 陸中八木 有家 陸中中野 侍浜 陸中夏井 久慈,auto_v2
北上線,,8,,auto_v1
只見線,只見線(会津若松〜西若松),18,会津若松 七日町 西若松,auto_v2
只見線,只見線(西若松〜只見),7,西若松 会津本郷 会津高田 根岸 新鶴 若宮 会津坂下 塔寺 会津坂本 会津柳津 郷戸 滝谷 会津桧原 会津西方 会津宮下 早戸 会津水沼 会津中川 会津川口 本名 会津越川 会津横田 会津大塩 会津塩沢 会津蒲生 只見,auto_v2
大湊線,,10,,auto_v1
大船渡線,,9,,auto_v1
大鰐線,,16,,auto_v1
奥羽線,奥羽線(福島〜弘前),11,福島 笹木野 庭坂 板谷 峠 大沢 関根 米沢 置賜 高畠 赤湯 中川 羽前中山 かみのやま温泉 茂吉記念館前 蔵王 山形 北山形 羽前千歳 南出羽 漆山 高擶 天童南 天童 乱川 神町 さくらんぼ東根 東根 村山 袖崎 大石田 北大石田 芦沢 舟形 新庄 泉田 羽前豊里 真室川 釜淵 大滝 及位 院内 横堀 三関 上湯沢 湯沢 下湯沢 十文字 醍醐 柳田 横手 後三年 飯詰 大曲 神宮寺 刈和野 峰吉川 羽後境 大張野 和田 四ツ小屋 秋田 泉外旭川 土崎 上飯島 追分 大久保 羽後飯塚 井川さくら 八郎潟 鯉川 鹿渡 森岳 北金岡 東能代 鶴形 富根 二ツ井 前山 鷹ノ巣 糠沢 早口 下川沿 大館 白沢 陣場 津軽湯の沢 碇ヶ関 長峰 大鰐温泉 石川 弘前,auto_v2
奥羽線,奥羽線(弘前〜北常盤),28,弘前 撫牛子 川部 北常盤,auto_v2
奥羽線,奥羽線(北常盤〜青森),40,北常盤 浪岡 大釈迦 鶴ヶ坂 津軽新城 新青森 青森,auto_v2
山田線,山田線(盛岡〜上盛岡),19,盛岡 上盛岡,auto_v2
山田線,山田線(上盛岡〜宮古),7,上盛岡 山岸 上米内 区界 松草 川内 箱石 陸中川井 腹帯 茂市 蟇目 花原市 千徳 宮古,auto_v2
左沢線,,15,,auto_v1
弘南線,,23,,auto_v1
東北本線,東北本線(黒磯〜郡山),18,黒磯 高久 黒田原 豊原 白坂 新白河 白河 久田野 泉崎 矢吹 鏡石 須賀川 安積永盛 郡山,manual
東北本線,東北本線(郡山〜福島),25,郡山 日和田 五百川 本宮 杉田 二本松 安達 松川 金谷川 南福島 福島,manual
東北本線,東北本線(福島〜白石),18,福島 東福島 伊達 桑折 藤田 貝田 越河 白石,manual
東北本線,東北本線(白石〜仙台),40,白石 北白川 東白石 大河原 船岡 槻木 岩沼 館腰 名取 南仙台 太子堂 長町 仙台,manual
東北本線,東北本線(仙台〜小牛田),45,仙台 東仙台 陸前山王 岩切 国府多賀城 塩釜 新利府 利府 松島 高城町 愛宕 品井沼 鹿島台 松山町 小牛田,manual
東北本線,東北本線(小牛田〜一ノ関),17,小牛田 田尻 瀬峰 梅ヶ沢 新田 石越 油島 花泉 清水原 有壁 一ノ関,manual
東北本線,東北本線(一ノ関〜北上),18,一ノ関 山ノ目 平泉 前沢 陸中折居 水沢 金ヶ崎 六原 北上,manual
東北本線,東北本線(北上〜盛岡),34,北上 村崎野 花巻 花巻空港 石鳥谷 日詰 紫波中央 古館 矢幅 岩手飯岡 仙北町 盛岡,manual
気仙沼線,,19,,auto_v1
津軽線,,7,,auto_v1
津軽鉄道線,,10,,auto_v1
田沢湖線,,12,,auto_v1
男鹿線,,14,,auto_v1
石巻線,,14,,auto_v1
磐越東線,磐越東線(郡山〜小野新町),15,郡山 舞木 三春 要田 船引 磐城常葉 大越 菅谷 神俣 小野新町,auto_v2
磐越東線,磐越東線(小野新町〜いわき),6,小野新町 夏井 川前 江田 小川郷 赤井 いわき,auto_v2
磐越西線,磐越西線(郡山〜郡山富田),20,郡山 郡山富田,auto_v2
磐越西線,磐越西線(郡山富田〜徳沢),10,郡山富田 喜久田 安子ヶ島 磐梯熱海 中山宿 上戸 猪苗代湖畔 関都 川桁 猪苗代 翁島 磐梯町 東長原 広田 会津若松 堂島 笈川 塩川 姥堂 会津豊川 喜多方 山都 荻野 尾登 野沢 上野尻 徳沢,auto_v2
秋田内陸線,,9,,auto_v1
米坂線,,9,,auto_v1
羽越線,羽越線(新津〜中浦),12,新津 京ヶ瀬 水原 神山 月岡 中浦,auto_v2
羽越線,羽越線(中浦〜平林),28,中浦 新発田 加治 金塚 中条 平木田 坂町 平林,auto_v2
羽越線,羽越線(平林〜秋田),20,平林 岩船町 村上 間島 越後早川 桑川 今川 越後寒川 勝木 府屋 鼠ヶ関 小岩川 あつみ温泉 五十川 小波渡 三瀬 羽前水沢 羽前大山 鶴岡 藤島 西袋 余目 北余目 砂越 東酒田 酒田 本楯 南鳥海 遊佐 吹浦 女鹿 小砂川 上浜 象潟 金浦 仁賀保 西目 羽後本荘 羽後岩谷 折渡 羽後亀田 岩城みなと 道川 下浜 桂根 新屋 羽後牛島 秋田,auto_v2
花輪線,,8,,auto_v1
釜石線,,10,,auto_v1
阿武隈急行線,,23,,auto_v1
陸羽東線,陸羽東線(小牛田〜陸前谷地),23,小牛田 北浦 陸前谷地,auto_v2
陸羽東線,陸羽東線(陸前谷地〜鳴子温泉),14,陸前谷地 古川 塚目 西古川 東大崎 西大崎 岩出山 有備館 上野目 池月 川渡温泉 鳴子御殿湯 鳴子温泉,auto_v2
陸羽東線,陸羽東線(鳴子温泉〜新庄),4,鳴子温泉 中山平温泉 堺田 赤倉温泉 立小路 最上 大堀 鵜杉 瀬見温泉 東長沢 長沢 南新庄 新庄,auto_v2
陸羽西線,,9,,auto_v1
青い森鉄道線,青い森鉄道線(青森〜西平内),30,青森 筒井 東青森 小柳 矢田前 野内 浅虫温泉 西平内,auto_v2
青い森鉄道線,青い森鉄道線(西平内〜目時),20,西平内 小湊 清水川 狩場沢 野辺地 千曳 乙供 上北町 小川原 三沢 向山 下田 陸奥市川 八戸 北高岩 苫米地 剣吉 諏訪ノ平 三戸 目時,auto_v2
飯坂線,,50,,auto_v1
鳥海山ろく線,,13,,auto_v1
函館市電,函館市電(湯の川〜函館アリーナ前),132,湯の川 湯の川温泉 函館アリーナ前,auto_v2
函館市電,函館市電(函館アリーナ前〜十字街),118,函館アリーナ前 駒場車庫前 競馬場前 深堀町 柏木町 杉並町 五稜郭公園前 中央病院前 千代台 堀川町 昭和橋 千歳町 新川町 松風町 函館駅前 市役所前 魚市場通 十字街,auto_v2
函館市電,函館市電(十字街〜函館どつく前),59,十字街 宝来町 青柳町 谷地頭 末広町 大町 函館どつく前,auto_v2
函館線,函館線(函館〜五稜郭),57,函館 五稜郭,auto_v2
函館線,函館線(五稜郭〜桔梗),41,五稜郭 桔梗,auto_v2
函館線,函館線(桔梗〜南小樽),18,桔梗 大中山 七飯 新函館北斗 仁山 大沼 大沼公園 鹿部 赤井川 駒ヶ岳 渡島沼尻 渡島砂原 掛澗 尾白内 東森 森 石倉 落部 野田生 山越 八雲 山崎 黒岩 国縫 中ノ沢 長万部 二股 黒松内 熱郛 目名 蘭越 昆布 ニセコ 比羅夫 倶知安 小沢 銀山 然別 仁木 余市 蘭島 塩谷 小樽 南小樽,auto_v2
函館線,函館線(南小樽〜銭函),54,南小樽 小樽築港 朝里 銭函,auto_v2
函館線,函館線(銭函〜稲穂),71,銭函 ほしみ 星置 稲穂,auto_v2
函館線,函館線(稲穂〜発寒),92,稲穂 手稲 稲積公園 発寒,auto_v2
函館線,函館線(発寒〜札幌),114,発寒 発寒中央 琴似 桑園 札幌,auto_v2
函館線,函館線(札幌〜苗穂),98,札幌 苗穂,auto_v2
函館線,函館線(苗穂〜江別),72,苗穂 白石 厚別 森林公園 大麻 野幌 高砂 江別,auto_v2
函館線,函館線(江別〜峰延),40,江別 豊幌 幌向 上幌向 岩見沢 峰延,auto_v2
函館線,函館線(峰延〜旭川),34,峰延 光珠内 美唄 茶志内 奈井江 豊沼 砂川 滝川 江部乙 妹背牛 深川 納内 近文 旭川,auto_v2
北海道新幹線,,13,,auto_v1
千歳線,千歳線(沼ノ端〜南千歳),28,沼ノ端 植苗 南千歳,auto_v2
千歳線,千歳線(南千歳〜千歳),144,南千歳 千歳,auto_v2
千歳線,千歳線(千歳〜長都),108,千歳 長都,auto_v2
千歳線,千歳線(長都〜白石),44,長都 サッポロビール庭園 恵庭 恵み野 島松 北広島 上野幌 新札幌 平和 白石,auto_v2
千歳線,千歳線(南千歳〜新千歳空港),88,南千歳 新千歳空港,auto_v2
宗谷線,宗谷線(旭川〜旭川四条),22,旭川 旭川四条,auto_v2
宗谷線,宗谷線(旭川四条〜永山),15,旭川四条 新旭川 永山,auto_v2
宗谷線,宗谷線(永山〜稚内),9,永山 北永山 比布 蘭留 塩狩 和寒 剣淵 士別 多寄 瑞穂 風連 名寄高校 名寄 日進 智恵文 智北 美深 初野 恩根内 天塩川温泉 咲来 音威子府 筬島 佐久 天塩中川 問寒別 糠南 雄信内 南幌延 幌延 下沼 豊富 兜沼 勇知 抜海 南稚内 稚内,auto_v2
室蘭線,室蘭線(長万部〜萩野),14,長万部 静狩 小幌 礼文 大岸 豊浦 洞爺 有珠 長和 伊達紋別 北舟岡 稀府 黄金 崎守 本輪西 東室蘭 鷲別 幌別 富浦 登別 虎杖浜 竹浦 北吉原 萩野,auto_v2
室蘭線,室蘭線(萩野〜社台),30,萩野 白老 社台,auto_v2
室蘭線,室蘭線(社台〜糸井),14,社台 錦岡 糸井,auto_v2
室蘭線,室蘭線(糸井〜岩見沢),8,糸井 青葉 苫小牧 沼ノ端 遠浅 早来 安平 追分 三川 古山 由仁 栗山 栗丘 栗沢 志文 岩見沢,auto_v2
室蘭線,室蘭線(東室蘭〜室蘭),23,東室蘭 輪西 御崎 母恋 室蘭,auto_v2
富良野線,富良野線(旭川〜神楽岡),19,旭川 神楽岡,auto_v2
富良野線,富良野線(神楽岡〜富良野),8,神楽岡 緑が丘 西御料 西瑞穂 西神楽 西聖和 千代ヶ岡 北美瑛 美瑛 美馬牛 上富良野 西中 中富良野 鹿討 学田 富良野,auto_v2
日高線,,8,,auto_v1
札幌市営南北線,札幌市営南北線(麻生〜北34条),264,麻生 北34条,auto_v2
札幌市営南北線,札幌市営南北線(北34条〜真駒内),171,北34条 北24条 北18条 北12条 さっぽろ 大通 すすきの 中島公園 幌平橋 中の島 平岸 南平岸 澄川 自衛隊前 真駒内,auto_v2
札幌市営東西線,,169,,auto_v1
札幌市営東豊線,,158,,auto_v1
札幌市電,,142,,auto_v1
札沼線,札沼線(桑園〜あいの里公園),55,桑園 八軒 新川 新琴似 太平 百合が原 篠路 拓北 あいの里教育大 あいの里公園,auto_v2
札沼線,札沼線(あいの里公園〜北海道医療大学),41,あいの里公園 ロイズタウン 太美 当別 北海道医療大学,auto_v2
根室線,根室線(滝川〜布部),9,滝川 東滝川 赤平 茂尻 平岸 芦別 上芦別 野花南 富良野 布部,auto_v2
根室線,根室線(布部〜東釧路),22,布部 山部 下金山 金山 東鹿越 幾寅 落合 新得 十勝清水 御影 芽室 大成 西帯広 柏林台 帯広 札内 幕別 利別 池田 十弗 豊頃 新吉野 浦幌 厚内 音別 白糠 西庶路 庶路 大楽毛 新大楽毛 新富士 釧路 東釧路,auto_v2
根室線,根室線(東釧路〜根室),6,東釧路 武佐 別保 上尾幌 尾幌 門静 厚岸 茶内 浜中 姉別 厚床 別当賀 落石 昆布盛 西和田 東根室 根室,auto_v2
海峡線,,0,,manual
留萌線,,0,,manual
石勝線,,12,,auto_v1
石北線,,10,,auto_v1
道南いさりび鉄道線,道南いさりび鉄道線(五稜郭〜上磯),16,五稜郭 七重浜 東久根別 久根別 清川口 上磯,auto_v2
道南いさりび鉄道線,道南いさりび鉄道線(上磯〜木古内),7,上磯 茂辺地 渡島当別 釜谷 泉沢 札苅 木古内,auto_v2
釧網線,,7,,auto_v1
伊東線,伊東線(伊東〜熱海),38,伊東 宇佐美 網代 伊豆多賀 来宮 熱海,auto_v3
IRいしかわ鉄道線,IRいしかわ鉄道線(倶利伽羅〜津幡),29,倶利伽羅 津幡,auto_v2
IRいしかわ鉄道線,IRいしかわ鉄道線(津幡〜金沢),57,津幡 森本 東金沢 金沢,auto_v2
JR東西線,,158,,auto_v1
あいの風とやま鉄道線,あいの風とやま鉄道線(倶利伽羅〜高岡),29,倶利伽羅 石動 福岡 西高岡 高岡やぶなみ 高岡,auto_v2
あいの風とやま鉄道線,あいの風とやま鉄道線(高岡〜富山),46,高岡 越中大門 小杉 呉羽 富山,auto_v2
あいの風とやま鉄道線,あいの風とやま鉄道線(富山〜泊),39,富山 新富山口 東富山 水橋 滑川 東滑川 魚津 黒部 生地 西入善 入善 泊,auto_v2
あいの風とやま鉄道線,あいの風とやま鉄道線(泊〜市振),19,泊 越中宮崎 市振,auto_v2
あおなみ線,,78,,auto_v1
おおさか東線,,69,,auto_v1
けいはんな線,けいはんな線(長田〜生駒),159,長田 荒本 吉田 新石切 生駒,auto_v2
けいはんな線,けいはんな線(生駒〜学研奈良登美ヶ丘),113,生駒 白庭台 学研北生駒 学研奈良登美ヶ丘,auto_v2
しなの鉄道線,しなの鉄道線(篠ノ井〜上田),35,篠ノ井 屋代高校前 屋代 千曲 戸倉 坂城 テクノさかき 西上田 上田,auto_v2
しなの鉄道線,しなの鉄道線(上田〜軽井沢),28,上田 信濃国分寺 大屋 田中 滋野 小諸 平原 御代田 信濃追分 中軽井沢 軽井沢,auto_v2
とさでん交通,とさでん交通(伊野〜曙町),23,伊野 伊野駅前 鳴谷 北山 北内 伊野商業前 枝川 中山 八代通 宇治団地前 咥内 宮の奥 朝倉神社前 朝倉駅前 朝倉 曙町,auto_v2
とさでん交通,とさでん交通(曙町〜鴨部),51,曙町 曙町東町 鴨部,auto_v2
とさでん交通,とさでん交通(鴨部〜文珠通),147,鴨部 鏡川橋 蛍橋 旭町三丁目 旭駅前通 旭町一丁目 上町五丁目 上町四丁目 上町二丁目 上町一丁目 枡形 グランド通 県庁前 高知城前 大橋通 堀詰 はりまや橋 蓮池町通 高知橋 高知駅前 デンテツターミナルビル前 菜園場町 宝永町 知寄町一丁目 知寄町二丁目 知寄町 知寄町三丁目 葛島橋東詰 西高須 県立美術館通 高須 文珠通,auto_v2
とさでん交通,とさでん交通(文珠通〜領石通),62,文珠通 介良通 新木 東新木 田辺島通 鹿児 舟戸 北浦 領石通,auto_v2
とさでん交通,とさでん交通(領石通〜後免町),56,領石通 清和学園前 一条橋 明見橋 長崎 小篭通 篠原 住吉通 東工業前 後免西町 後免中町 後免東町 後免町,auto_v2
とさでん交通,とさでん交通(はりまや橋〜桟橋通五丁目),95,はりまや橋 梅の辻 桟橋通一丁目 桟橋通二丁目 桟橋通三丁目 桟橋通四丁目 桟橋車庫前 桟橋通五丁目,auto_v2
ほくほく線,,18,,auto_v1
ゆいレール,,151,,auto_v1
アストラムライン,アストラムライン(広域公園前〜伴),104,広域公園前 大塚 伴中央 大原 伴,auto_v2
アストラムライン,アストラムライン(伴〜本通),141,伴 長楽寺 高取 上安 安東 毘沙門台 大町 古市 中筋 西原 祇園新橋北 不動院前 牛田 白島 新白島 城北 県庁前 本通,auto_v2
ガイドウェイバス志段味線,,90,,manual
ポートアイランド線,ポートアイランド線(神戸空港〜みなとじま),179,神戸空港 計算科学センター 医療センター 市民広場 南公園 中埠頭 北埠頭 みなとじま,auto_v2
ポートアイランド線,ポートアイランド線(みなとじま〜三宮),312,みなとじま 中公園 ポートターミナル 貿易センター 三宮,auto_v2
リニモ,,123,,auto_v1
七尾線,,21,,auto_v1
三国芦原線,,34,,auto_v1
三岐線,,32,,auto_v1
三河線,,71,,auto_v1
三田線,三田線(三田〜三田本町),201,三田 三田本町,auto_v2
三田線,三田線(三田本町〜神鉄道場),156,三田本町 横山 神鉄道場,auto_v2
三田線,三田線(神鉄道場〜有馬口),78,神鉄道場 道場南口 二郎 田尾寺 岡場 五社 有馬口,auto_v2
三角線,,17,,auto_v1
上滝線,,25,,auto_v1
上町線,,158,,auto_v1
上高地線,,25,,auto_v1
不二越線,,25,,auto_v1
中之島線,,105,,auto_v1
中央線(JR東海),中央線(JR東海)(名古屋〜神領),135,名古屋 金山 鶴舞 千種 大曽根 新守山 勝川 春日井 神領,auto_v2
中央線(JR東海),中央線(JR東海)(神領〜定光寺),96,神領 高蔵寺 定光寺,auto_v2
中央線(JR東海),中央線(JR東海)(定光寺〜土岐市),75,定光寺 古虎渓 多治見 土岐市,auto_v2
中央線(JR東海),中央線(JR東海)(土岐市〜瑞浪),57,土岐市 瑞浪,auto_v2
中央線(JR東海),中央線(JR東海)(瑞浪〜中津川),41,瑞浪 釜戸 武並 恵那 美乃坂本 中津川,auto_v2
中央線(JR東海),中央線(JR東海)(中津川〜落合川),35,中津川 落合川,auto_v2
中央線(JR東海),中央線(JR東海)(落合川〜塩尻),20,落合川 坂下 田立 南木曽 十二兼 野尻 大桑 須原 倉本 上松 木曽福島 原野 宮ノ越 藪原 奈良井 木曽平沢 贄川 日出塩 洗馬 塩尻,auto_v2
中村線,中村線(窪川〜若井),21,窪川 若井,auto_v2
中村線,中村線(若井〜中村),9,若井 荷稲 伊与喜 土佐佐賀 佐賀公園 土佐白浜 有井川 土佐上川口 海の王迎 浮鞭 土佐入野 西大方 古津賀 中村,auto_v2
久大線,,31,,auto_v1
九州新幹線,九州新幹線(鹿児島中央〜川内),53,鹿児島中央 川内,auto_v1
九州新幹線,九州新幹線(川内〜出水),53,川内 出水,auto_v1
九州新幹線,九州新幹線(出水〜熊本),53,出水 新水俣 新八代 熊本,auto_v1
九州新幹線,九州新幹線(熊本〜新玉名),53,熊本 新玉名,auto_v1
九州新幹線,九州新幹線(新玉名〜久留米),53,新玉名 新大牟田 筑後船小屋 久留米,auto_v1
九州新幹線,九州新幹線(久留米〜博多),53,久留米 新鳥栖 博多,auto_v1
予土線,,6,,auto_v1
予讃線,予讃線(宇和島〜北伊予),25,宇和島 北宇和島 高光 伊予吉田 立間 下宇和 卯之町 上宇和 伊予石城 双岩 八幡浜 千丈 伊予平野 西大洲 伊予大洲 五郎 春賀 八多喜 伊予白滝 伊予出石 伊予長浜 喜多灘 串 下灘 伊予上灘 高野川 向井原 伊予市 鳥ノ木 伊予横田 南伊予 北伊予,auto_v2
予讃線,予讃線(北伊予〜三津浜),39,北伊予 市坪 松山 三津浜,auto_v2
予讃線,予讃線(三津浜〜高松),24,三津浜 伊予和気 堀江 光洋台 粟井 柳原 伊予北条 大浦 浅海 菊間 伊予亀岡 大西 波方 波止浜 今治 伊予富田 伊予桜井 伊予三芳 壬生川 玉之江 伊予小松 伊予氷見 石鎚山 伊予西条 中萩 新居浜 多喜浜 関川 伊予土居 赤星 伊予寒川 伊予三島 川之江 箕浦 豊浜 観音寺 本山 比地大 高瀬 みの 詫間 津島ノ宮 海岸寺 多度津 讃岐塩屋 丸亀 宇多津 坂出 八十場 鴨川 讃岐府中 国分 端岡 鬼無 香西 高松,auto_v2
予讃線,予讃線(五郎〜新谷),9,五郎 新谷,auto_v2
予讃線,予讃線(向井原〜内子),9,向井原 伊予大平 伊予中山 伊予立川 内子,auto_v2
井原線,井原線(神辺〜清音),22,神辺 湯野 御領 子守唄の里高屋 いずえ 井原 早雲の里荏原 小田 矢掛 三谷 備中呉妹 吉備真備 川辺宿 清音,auto_v2
井原線,井原線(清音〜総社),16,清音 総社,auto_v2
井川線,,3,,auto_v1
交野線,,100,,auto_v1
京津線,,60,,auto_v1
京福鋼索線,,20,,auto_v1
京都市営東西線,京都市営東西線(六地蔵〜御陵),134,六地蔵 石田 醍醐 小野 椥辻 東野 山科 御陵,auto_v2
京都市営東西線,京都市営東西線(御陵〜太秦天神川),192,御陵 蹴上 東山 三条京阪 京都市役所前 烏丸御池 二条城前 二条 西大路御池 太秦天神川,auto_v2
京都市営烏丸線,,166,,auto_v1
京阪本線,京阪本線(三条〜樟葉),199,三条 祇園四条 清水五条 七条 東福寺 鳥羽街道 伏見稲荷 龍谷大前深草 藤森 墨染 丹波橋 伏見桃山 中書島 淀 石清水八幡宮 橋本 樟葉,auto_v2
京阪本線,京阪本線(樟葉〜淀屋橋),231,樟葉 牧野 御殿山 枚方市 枚方公園 光善寺 香里園 寝屋川市 萱島 大和田 古川橋 門真市 西三荘 守口市 土居 滝井 千林 森小路 関目 野江 京橋 天満橋 北浜 淀屋橋,auto_v2
京阪鋼索線,,21,,auto_v1
今津線,今津線(宝塚〜西宮北口),144,宝塚 宝塚南口 逆瀬川 小林 仁川 甲東園 門戸厄神 西宮北口,auto_v2
今津線,今津線(西宮北口〜今津),119,西宮北口 阪神国道 今津,auto_v2
伊丹線,,125,,auto_v1
伊予鉄道城北線,,90,,auto_v1
伊勢線,,36,,auto_v1
伊田線,伊田線(田川伊田〜金田),26,田川伊田 下伊田 田川市立病院 糒 上金田 金田,auto_v2
伊田線,伊田線(金田〜直方),34,金田 人見 赤池 ふれあい生力 市場 中泉 藤棚 あかぢ 南直方御殿口 直方,auto_v2
伊豆急行線,伊豆急行線(伊東〜南伊東),40,伊東 南伊東,auto_v2
伊豆急行線,伊豆急行線(南伊東〜伊豆急下田),28,南伊東 川奈 富戸 城ヶ崎海岸 伊豆高原 伊豆大川 伊豆北川 伊豆熱川 片瀬白田 伊豆稲取 今井浜海岸 河津 稲梓 蓮台寺 伊豆急下田,auto_v2
伊賀線,伊賀線(伊賀神戸〜上野市),35,伊賀神戸 比土 上林 丸山 依那古 市部 猪田道 四十九 桑町 茅町 広小路 上野市,auto_v2
伊賀線,伊賀線(上野市〜伊賀上野),24,上野市 西大手 新居 伊賀上野,auto_v2
伯備線,伯備線(倉敷〜清音),46,倉敷 清音,auto_v2
伯備線,伯備線(清音〜木野山),30,清音 総社 豪渓 日羽 美袋 備中広瀬 備中高梁 木野山,auto_v2
伯備線,伯備線(木野山〜布原),24,木野山 備中川面 方谷 井倉 石蟹 新見 布原,auto_v2
伯備線,伯備線(布原〜伯耆大山),8,布原 備中神代 足立 新郷 上石見 生山 上菅 黒坂 根雨 武庫 江尾 伯耆溝口 岸本 伯耆大山,auto_v2
佐世保線,佐世保線(江北〜大町),15,江北 大町,auto_v1
佐世保線,佐世保線(大町〜早岐),15,大町 北方 高橋 武雄温泉 永尾 三間坂 上有田 有田 三河内 早岐,auto_v1
佐世保線,佐世保線(早岐〜大塔),15,早岐 大塔,auto_v1
佐世保線,佐世保線(大塔〜佐世保),15,大塔 日宇 佐世保,auto_v1
信楽線,,15,,auto_v1
信貴線,,58,,auto_v1
八日市線,,38,,auto_v1
八栗ケーブル,,50,,auto_v1
八王子線,,37,,auto_v1
公園都市線,,78,,auto_v1
六甲アイランド線,,235,,auto_v1
六甲ケーブル線,,53,,auto_v1
内子線,内子線(内子〜五十崎),25,内子 五十崎,auto_v2
内子線,内子線(五十崎〜新谷),9,五十崎 喜多山 新谷,auto_v2
内部線,内部線(内部〜日永),38,内部 小古曽 追分 泊 南日永 日永,auto_v2
内部線,内部線(日永〜あすなろう四日市),75,日永 赤堀 あすなろう四日市,auto_v2
別府ラクテンチケーブル線,,24,,manual
別所線,別所線(別所温泉〜下之郷),25,別所温泉 八木沢 舞田 中野 塩田町 中塩田 下之郷,auto_v2
別所線,別所線(下之郷〜上田),39,下之郷 大学前 神畑 寺下 上田原 赤坂上 三好町 城下 上田,auto_v2
加古川線,加古川線(谷川〜西脇市),9,谷川 久下村 船町口 本黒田 黒田庄 日本へそ公園 比延 新西脇 西脇市,auto_v2
加古川線,加古川線(西脇市〜厄神),19,西脇市 滝 滝野 社町 青野ヶ原 河合西 粟生 小野町 市場 厄神,auto_v2
加古川線,加古川線(厄神〜加古川),37,厄神 神野 日岡 加古川,auto_v2
加太線,,49,,auto_v1
勝山永平寺線,勝山永平寺線(勝山〜福井口),35,勝山 比島 発坂 保田 小舟渡 越前竹原 山王 越前野中 轟 光明寺 下志比 永平寺口 志比堺 松岡 観音町 越前島橋 東藤島 追分口 越前新保 越前開発 福井口,auto_v2
勝山永平寺線,勝山永平寺線(福井口〜福井),71,福井口 新福井 福井,auto_v2
北しなの線,北しなの線(妙高高原〜豊野),17,妙高高原 黒姫 古間 牟礼 豊野,auto_v2
北しなの線,北しなの線(豊野〜長野),37,豊野 三才 北長野 長野,auto_v2
北九州モノレール,,106,,auto_v1
北勢線,北勢線(西桑名〜楚原),41,西桑名 馬道 西別所 蓮花寺 在良 星川 七和 穴太 東員 大泉 楚原,auto_v2
北勢線,北勢線(楚原〜阿下喜),27,楚原 麻生田 阿下喜,auto_v2
北大阪急行南北線,,165,,auto_v1
北条線,,21,,auto_v1
北松江線,,24,,auto_v1
北野線,,99,,auto_v1
北陸線,,50,,auto_v1
十国鋼索線,,33,,auto_v1
千里線,,144,,auto_v1
南大阪線,,111,,auto_v1
南海本線,南海本線(みさき公園〜紀ノ川),120,みさき公園 紀ノ川,auto_v2
南海本線,南海本線(紀ノ川〜和泉大宮),94,紀ノ川 孝子 淡輪 和歌山市 和歌山大学前 箱作 鳥取ノ荘 尾崎 樽井 岡田浦 吉見ノ里 羽倉崎 泉佐野 井原里 羽衣 貝塚 岸里玉出 岸和田 高石 今宮戎 堺 七道 住ノ江 住吉大社 春木 松ノ浜 新今宮 諏訪ノ森 石津川 泉大津 蛸地蔵 忠岡 鶴原 天下茶屋 難波 二色浜 萩ノ茶屋 浜寺公園 粉浜 北助松 湊 和泉大宮,auto_v2
南海空港線,,104,,auto_v1
南海鋼索線,,49,,auto_v1
南港ポートタウン線,,235,,auto_v1
博多南線,,28,,auto_v1
参宮線,,25,,auto_v1
叡山本線,叡山本線(八瀬比叡山口〜宝ヶ池),71,八瀬比叡山口 三宅八幡 宝ヶ池,auto_v2
叡山本線,叡山本線(宝ヶ池〜出町柳),149,宝ヶ池 修学院 一乗寺 茶山・京都芸術大学 元田中 出町柳,auto_v2
可部線,可部線(横川〜三滝),70,横川 三滝,auto_v2
可部線,可部線(三滝〜あき亀山),44,三滝 安芸長束 下祗園 古市橋 大町 緑井 七軒茶屋 梅林 上八木 中島 可部 河戸帆待川 あき亀山,auto_v2
各務原線,各務原線(新鵜沼〜三柿野),57,新鵜沼 鵜沼宿 羽場 苧ヶ瀬 名電各務原 二十軒 三柿野,auto_v2
各務原線,各務原線(三柿野〜名鉄岐阜),73,三柿野 六軒 各務原市役所前 市民公園前 新那加 新加納 高田橋 手力 切通 細畑 田神 名鉄岐阜,auto_v2
吉備線,,29,,auto_v1
吉都線,,8,,auto_v1
吉野線,,57,,auto_v1
名古屋市営上飯田線,,91,,auto_v1
名古屋市営名城線,名古屋市営名城線(ナゴヤドーム前矢田〜栄),135,ナゴヤドーム前矢田 砂田橋 志賀本通 自由ヶ丘 大曽根 茶屋ヶ坂 平安通 本山 名古屋大学 八事日赤 八事 総合リハビリセンター 瑞穂運動場東 新瑞橋 妙音通 堀田 熱田神宮伝馬町 熱田神宮西 西高蔵 栄,auto_v2
名古屋市営名城線,名古屋市営名城線(栄〜矢場町),242,栄 久屋大通 金山 黒川 上前津 東別院 名古屋城 名城公園 矢場町,auto_v2
名古屋市営名港線,,135,,auto_v1
名古屋市営東山線,,270,,auto_v1
名古屋市営桜通線,,146,,auto_v1
名古屋市営鶴舞線,,149,,auto_v1
名古屋本線,名古屋本線(豊橋〜伊奈),101,豊橋 伊奈,auto_v2
名古屋本線,名古屋本線(伊奈〜国府),81,伊奈 小田渕 国府,auto_v2
名古屋本線,名古屋本線(国府〜御油),137,国府 御油,auto_v2
名古屋本線,名古屋本線(御油〜美合),54,御油 名電赤坂 名電長沢 本宿 名電山中 藤川 美合,auto_v2
名古屋本線,名古屋本線(美合〜神宮前),200,美合 男川 東岡崎 岡崎公園前 矢作橋 宇頭 新安城 牛田 知立 一ツ木 富士松 豊明 前後 中京競馬場前 有松 左京山 鳴海 本星崎 本笠寺 桜 呼続 堀田 神宮前,auto_v2
名古屋本線,名古屋本線(神宮前〜山王),490,神宮前 金山 山王,auto_v2
名古屋本線,名古屋本線(山王〜栄生),221,山王 名鉄名古屋 栄生,auto_v2
名古屋本線,名古屋本線(栄生〜新川橋),74,栄生 東枇杷島 西枇杷島 二ツ杁 新川橋,auto_v2
名古屋本線,名古屋本線(新川橋〜妙興寺),128,新川橋 須ヶ口 丸ノ内 新清洲 大里 奥田 国府宮 島氏永 妙興寺,auto_v2
名古屋本線,名古屋本線(妙興寺〜名鉄岐阜),150,妙興寺 名鉄一宮 今伊勢 石刀 新木曽川 黒田 木曽川堤 笠松 岐南 茶所 加納 名鉄岐阜,auto_v2
名古屋線,名古屋線(近鉄名古屋〜米野),70,近鉄名古屋 米野,auto_v1
名古屋線,名古屋線(米野〜戸田),70,米野 黄金 烏森 近鉄八田 伏屋 戸田,auto_v1
名古屋線,名古屋線(戸田〜富吉),70,戸田 近鉄蟹江 富吉,auto_v1
名古屋線,名古屋線(富吉〜近鉄長島),70,富吉 佐古木 近鉄弥富 近鉄長島,auto_v1
名古屋線,名古屋線(近鉄長島〜益生),70,近鉄長島 桑名 益生,auto_v1
名古屋線,名古屋線(益生〜伊勢中川),70,益生 伊勢朝日 川越富洲原 近鉄富田 霞ヶ浦 阿倉川 川原町 近鉄四日市 新正 海山道 塩浜 北楠 楠 長太ノ浦 箕田 伊勢若松 千代崎 白子 鼓ヶ浦 磯山 千里 豊津上野 白塚 高田本山 江戸橋 津 津新町 南が丘 久居 桃園 伊勢中川,auto_v1
名松線,,8,,auto_v1
名鉄空港線,名鉄空港線(常滑〜りんくう常滑),85,常滑 りんくう常滑,auto_v2
名鉄空港線,名鉄空港線(りんくう常滑〜中部国際空港),52,りんくう常滑 中部国際空港,auto_v2
呉線,呉線(かるが浜〜安芸阿賀),40,かるが浜 安芸阿賀,auto_v2
呉線,呉線(安芸阿賀〜仁方),48,安芸阿賀 安芸川尻 吉浦 呉 広 新広 仁方,auto_v2
呉線,呉線(仁方〜矢野),23,仁方 川原石 安登 天応 安浦 安芸幸崎 安芸長浜 安芸津 吉名 須波 大乗 竹原 忠海 風早 呉ポートピア 小屋浦 水尻 坂 海田市 三原 矢野,auto_v2
呉羽線,,129,,auto_v1
和歌山港線,,13,,auto_v1
和歌山線,和歌山線(吉野口〜和歌山),27,吉野口 玉手 五条 御所 大和新庄 大和二見 北宇智 掖上 高田 隅田 下兵庫 橋本 紀伊山田 JR五位堂 高野口 中飯降 大谷 妙寺 笠田 紀伊長田 西笠田 粉河 名手 打田 香芝 下井阪 岩出 紀伊小倉 船戸 布施屋 千旦 田井ノ瀬 和歌山,auto_v2
和歌山線,和歌山線(和歌山〜王寺),43,和歌山 志都美 畠田 王寺,auto_v2
唐津線,唐津線(西唐津〜鬼塚),46,西唐津 唐津 鬼塚,auto_v2
唐津線,唐津線(鬼塚〜本牟田部),27,鬼塚 山本 本牟田部,auto_v2
唐津線,唐津線(本牟田部〜久保田),18,本牟田部 相知 岩屋 厳木 多久 中多久 東多久 小城 久保田,auto_v2
因美線,因美線(鳥取〜津ノ井),10,鳥取 津ノ井,auto_v1
因美線,因美線(津ノ井〜郡家),10,津ノ井 東郡家 郡家,auto_v1
因美線,因美線(郡家〜河原),10,郡家 河原,auto_v1
因美線,因美線(河原〜東津山),10,河原 国英 鷹狩 用瀬 因幡社 智頭 土師 那岐 美作河井 知和 美作加茂 三浦 美作滝尾 高野 東津山,auto_v1
土讃線,土讃線(多度津〜琴平),46,多度津 金蔵寺 善通寺 琴平,auto_v2
土讃線,土讃線(琴平〜塩入),23,琴平 塩入,auto_v2
土讃線,土讃線(塩入〜新改),16,塩入 黒川 讃岐財田 坪尻 箸蔵 佃 阿波池田 三縄 祖谷口 阿波川口 小歩危 大歩危 土佐岩原 豊永 大田口 土佐穴内 大杉 土佐北川 角茂谷 繁藤 新改,auto_v2
土讃線,土讃線(新改〜山田西町),40,新改 土佐山田 山田西町,auto_v2
土讃線,土讃線(山田西町〜入明),54,山田西町 土佐長岡 後免 土佐大津 布師田 土佐一宮 薊野 高知 入明,auto_v2
土讃線,土讃線(入明〜枝川),32,入明 円行寺口 旭 高知商業前 朝倉 枝川,auto_v2
土讃線,土讃線(枝川〜波川),25,枝川 伊野 波川,auto_v2
土讃線,土讃線(波川〜大間),17,波川 小村神社前 日下 岡花 土佐加茂 西佐川 佐川 襟野々 斗賀野 吾桑 多ノ郷 大間,auto_v2
土讃線,土讃線(大間〜窪川),5,大間 須崎 土佐新荘 安和 土佐久礼 影野 六反地 仁井田 窪川,auto_v2
城北線,,26,,auto_v1
城南線,城南線(道後温泉〜本町一丁目),94,道後温泉 道後公園 南町 上一万 警察署前 勝山町 大街道 県庁前 市役所前 南堀端 本町一丁目,auto_v2
城南線,城南線(本町一丁目〜西堀端),7,本町一丁目 西堀端,auto_v2
城端線,,21,,auto_v1
境線,,18,,auto_v1
多奈川線,,26,,auto_v1
多賀線,,30,,auto_v1
大井川本線,大井川本線(金谷〜川根温泉笹間渡),6,金谷 新金谷 代官町 日切 合格 門出 神尾 福用 大和田 家山 抜里 川根温泉笹間渡,auto_v2
大井川本線,大井川本線(川根温泉笹間渡〜千頭),0,川根温泉笹間渡 地名 塩郷 下泉 田野口 駿河徳山 青部 崎平 千頭,auto_v2
大手町線,,94,,auto_v1
大月線,大月線(富士山〜月江寺),38,富士山 月江寺,auto_v2
大月線,大月線(月江寺〜大月),29,月江寺 下吉田 葭池温泉前 寿 三つ峠 東桂 十日市場 都留文科大学前 谷村町 都留市 赤坂 禾生 田野倉 上大月 大月,auto_v2
大村線,大村線(早岐〜ハウステンボス),32,早岐 ハウステンボス,auto_v2
大村線,大村線(ハウステンボス〜南風崎),24,ハウステンボス 南風崎,auto_v2
大村線,大村線(南風崎〜諫早),18,南風崎 小串郷 川棚 彼杵 千綿 松原 大村車両基地 竹松 新大村 諏訪 大村 岩松 諫早,auto_v2
大浦支線,,90,,auto_v1
大社線,,23,,auto_v1
大糸線,大糸線(糸魚川〜北大町),10,糸魚川 姫川 頸城大野 根知 小滝 平岩 北小谷 中土 南小谷 千国 白馬大池 信濃森上 白馬 飯森 神城 南神城 簗場 海ノ口 稲尾 信濃木崎 北大町,auto_v2
大糸線,大糸線(北大町〜松本),24,北大町 信濃大町 南大町 信濃常盤 安曇沓掛 信濃松川 北細野 細野 安曇追分 有明 穂高 柏矢町 豊科 南豊科 中萱 一日市場 梓橋 島高松 島内 北松本 松本,auto_v2
大阪メトロ中央線,,175,,auto_v1
大阪メトロ今里筋線,,152,,auto_v1
大阪メトロ千日前線,,169,,auto_v1
大阪メトロ四つ橋線,,213,,auto_v1
大阪メトロ堺筋線,,199,,auto_v1
大阪メトロ御堂筋線,,172,,auto_v1
大阪メトロ谷町線,,175,,auto_v1
大阪メトロ長堀鶴見緑地線,,200,,auto_v1
大阪モノレール彩都線,,112,,auto_v1
大阪モノレール線,,112,,auto_v1
大阪環状線,,232,,auto_v1
大阪線,大阪線(伊勢中川〜青山町),75,伊勢中川 川合高岡 伊勢石橋 大三 榊原温泉口 東青山 西青山 伊賀上津 青山町,auto_v2
大阪線,大阪線(青山町〜美旗),94,青山町 伊賀神戸 美旗,auto_v2
大阪線,大阪線(美旗〜室生口大野),73,美旗 桔梗が丘 名張 赤目口 三本松 室生口大野,auto_v2
大阪線,大阪線(室生口大野〜長谷寺),102,室生口大野 榛原 長谷寺,auto_v2
大阪線,大阪線(長谷寺〜大和八木),130,長谷寺 大和朝倉 桜井 大福 耳成 大和八木,auto_v2
大阪線,大阪線(大和八木〜真菅),184,大和八木 真菅,auto_v2
大阪線,大阪線(真菅〜俊徳道),166,真菅 松塚 大和高田 築山 五位堂 近鉄下田 二上 関屋 大阪教育大前 河内国分 安堂 堅下 法善寺 恩智 高安 河内山本 近鉄八尾 久宝寺口 弥刀 長瀬 俊徳道,auto_v2
大阪線,大阪線(俊徳道〜今里),202,俊徳道 布施 今里,auto_v2
大阪線,大阪線(今里〜鶴橋),95,今里 鶴橋,auto_v2
大阪線,大阪線(鶴橋〜大阪上本町),264,鶴橋 大阪上本町,auto_v2
天橋立鋼索鉄道,,37,,auto_v1
天理線,,77,,auto_v1
天神大牟田線,天神大牟田線(井尻〜三沢),113,井尻 下大利 高宮 雑餉隈 春日原 西鉄福岡（天神） 西鉄平尾 大橋 白木原 薬院 都府楼前 西鉄二日市 紫 安武 塩塚 花畑 開 蒲池 宮の陣 櫛原 犬塚 江の浦 桜台 三国が丘 三沢,auto_v2
天神大牟田線,天神大牟田線(三沢〜矢加部),38,三沢 三潴 試験場前 新栄町 西鉄久留米 西鉄銀水 西鉄小郡 西鉄中島 西鉄渡瀬 西鉄柳川 倉永 大溝 大善寺 大保 大牟田 端間 筑紫 朝倉街道 津古 津福 東甘木 徳益 八丁牟田 味坂 矢加部,auto_v2
天竜浜名湖線,,26,,auto_v1
太多線,,38,,auto_v1
太宰府線,,78,,auto_v1
奈良線,奈良線(京都〜城陽),95,京都 東福寺 稲荷 JR藤森 桃山 六地蔵 木幡 黄檗 宇治 JR小倉 新田 城陽,auto_v2
奈良線,奈良線(城陽〜長池),67,城陽 長池,auto_v2
奈良線,奈良線(長池〜木津),47,長池 山城青谷 山城多賀 玉水 棚倉 上狛 木津,auto_v2
妙見線,,107,,auto_v1
妙高はねうまライン,妙高はねうまライン(妙高高原〜新井),18,妙高高原 関山 二本木 新井,auto_v2
妙高はねうまライン,妙高はねうまライン(新井〜直江津),28,新井 北新井 上越妙高 南高田 高田 春日山 直江津,auto_v2
姫新線,姫新線(新見〜東津山),12,新見 岩山 丹治部 刑部 富原 月田 中国勝山 久世 古見 美作落合 美作追分 坪井 美作千代 院庄 津山 東津山,auto_v2
姫新線,姫新線(東津山〜千本),20,東津山 美作大崎 西勝間田 勝間田 林野 楢原 美作江見 美作土居 上月 佐用 播磨徳久 三日月 西栗栖 千本,auto_v2
姫新線,姫新線(千本〜余部),30,千本 播磨新宮 東觜崎 本竜野 太市 余部,auto_v2
姫新線,姫新線(余部〜姫路),41,余部 播磨高岡 姫路,auto_v2
宇品線,宇品線(元宇品口〜皆実町六丁目),182,元宇品口 海岸通 宇品五丁目 宇品四丁目 宇品三丁目 宇品二丁目 県病院前 広大附属学校前 皆実町六丁目,auto_v2
宇品線,宇品線(皆実町六丁目〜紙屋町東),15,皆実町六丁目 御幸橋 広電本社前 日赤病院前 鷹野橋 市役所前 中電前 袋町 本通 紙屋町東,auto_v2
宇品線,宇品線(紙屋町東〜紙屋町西),85,紙屋町東 紙屋町西,auto_v2
宇治線,,96,,auto_v1
宇部線,,20,,auto_v1
宇野線,,25,,auto_v1
安野屋線,,129,,auto_v1
宝塚線,宝塚線(宝塚〜雲雀丘花屋敷),111,宝塚 清荒神 売布神社 中山観音 山本 雲雀丘花屋敷,auto_v2
宝塚線,宝塚線(雲雀丘花屋敷〜川西能勢口),208,雲雀丘花屋敷 川西能勢口,auto_v2
宝塚線,宝塚線(川西能勢口〜中津),238,川西能勢口 池田 石橋阪大前 蛍池 豊中 岡町 曽根 服部天神 庄内 三国 十三 中津,auto_v2
宝塚線,宝塚線(中津〜大阪梅田),138,中津 大阪梅田,auto_v2
宮島線,,112,,auto_v1
宮崎空港線,,31,,auto_v1
宮津線,,19,,auto_v1
宮福線,宮福線(福知山〜大江高校前),26,福知山 福知山市民病院口 荒河かしの木台 牧 下天津 公庄 大江 大江高校前,auto_v2
宮福線,宮福線(大江高校前〜宮津),12,大江高校前 二俣 大江山口内宮 辛皮 喜多 宮村 宮津,auto_v2
宿毛線,,14,,auto_v1
富山地方鉄道支線,富山地方鉄道支線(電鉄富山駅・エスタ前〜県庁前),55,電鉄富山駅・エスタ前 新富町 県庁前,auto_v2
富山地方鉄道支線,富山地方鉄道支線(県庁前〜丸の内),129,県庁前 丸の内,auto_v2
富山地方鉄道本線,富山地方鉄道本線(宇奈月温泉〜新相ノ木),20,宇奈月温泉 音沢 内山 愛本 下立 下立口 浦山 栃屋 若栗 舌山 新黒部 長屋 荻生 東三日市 電鉄黒部 電鉄石田 経田 新魚津 電鉄魚津 西魚津 越中中村 早月加積 浜加積 滑川 中滑川 西滑川 西加積 中加積 新宮川 上市 新相ノ木,auto_v2
富山地方鉄道本線,富山地方鉄道本線(新相ノ木〜越中舟橋),37,新相ノ木 相ノ木 越中泉 寺田 越中舟橋,auto_v2
富山地方鉄道本線,富山地方鉄道本線(越中舟橋〜電鉄富山駅・エスタ前),63,越中舟橋 越中三郷 越中荏原 東新庄 新庄田中 稲荷町 電鉄富山 電鉄富山駅・エスタ前,auto_v2
富山地方鉄道本線,富山地方鉄道本線(電鉄富山駅・エスタ前〜南富山駅前),137,電鉄富山駅・エスタ前 地鉄ビル前 電気ビル前 桜橋 荒町 中町（西町北） 西町 上本町 広貫堂前 西中野 小泉町 堀川小泉 大町 南富山駅前,auto_v2
富山港線,富山港線(岩瀬浜〜オークスカナルパークホテル富山前),71,岩瀬浜 競輪場前 東岩瀬 萩浦小学校前 蓮町（馬場記念公園前） 犬島新町 城川原 越中中島 粟島（大阪屋ショップ前） 下奥井 奥田中学校前 龍谷富山高校前（永楽町） インテック本社前 オークスカナルパークホテル富山前,auto_v2
富山港線,富山港線(オークスカナルパークホテル富山前〜富山駅),0,オークスカナルパークホテル富山前 富山駅,auto_v2
富山都心線,富山都心線(丸の内〜国際会議場前),129,丸の内 国際会議場前,auto_v2
富山都心線,富山都心線(国際会議場前〜西町),55,国際会議場前 大手モール グランドプラザ前 西町,auto_v2
富山駅南北接続線,,66,,manual
小浜線,,12,,auto_v1
小海線,,17,,auto_v1
小牧線,小牧線(犬山〜小牧口),74,犬山 羽黒 楽田 田県神社前 味岡 小牧原 小牧 小牧口,auto_v2
小牧線,小牧線(小牧口〜上飯田),90,小牧口 間内 牛山 春日井 味美 味鋺 上飯田,auto_v2
小野田線,小野田線(小野田〜浜河内),11,小野田 目出 南中川 南小野田 小野田港 雀田 長門長沢 妻崎 居能 浜河内,auto_v2
小野田線,小野田線(浜河内〜長門本山),3,浜河内 長門本山,auto_v2
尾西線,,38,,auto_v1
山口線,山口線(益田〜宮野),8,益田 本俣賀 石見横田 東青原 青原 日原 青野山 津和野 船平山 徳佐 鍋倉 地福 名草 三谷 渡川 長門峡 篠目 仁保 宮野,auto_v2
山口線,山口線(宮野〜山口),18,宮野 上山口 山口,auto_v2
山口線,山口線(山口〜新山口),32,山口 湯田温泉 矢原 大歳 仁保津 上郷 周防下郷 新山口,auto_v2
山陰線,山陰線(幡生〜波根),12,幡生 綾羅木 梶栗郷台地 安岡 福江 吉見 梅ヶ峠 黒井村 川棚温泉 小串 湯玉 宇賀本郷 長門二見 滝部 特牛 阿川 長門粟野 伊上 人丸 長門古市 黄波戸 長門市 長門三隅 飯井 三見 玉江 萩 東萩 越ヶ浜 長門大井 奈古 木与 宇田郷 須佐 江崎 飯浦 戸田小浜 益田 石見津田 鎌手 岡見 三保三隅 折居 周布 西浜田 浜田 下府 久代 波子 敬川 都野津 江津 浅利 黒松 石見福光 温泉津 湯里 馬路 仁万 五十猛 静間 大田市 久手 波根,auto_v2
山陰線,山陰線(波根〜直江),26,波根 田儀 小田 江南 出雲神西 西出雲 出雲市 直江,auto_v2
山陰線,山陰線(直江〜淀江),39,直江 荘原 宍道 来待 玉造温泉 乃木 松江 東松江 揖屋 荒島 安来 米子 東山公園 伯耆大山 淀江,auto_v2
山陰線,山陰線(淀江〜胡麻),28,淀江 大山口 名和 御来屋 下市 中山口 赤碕 八橋 浦安 由良 下北条 倉吉 松崎 泊 青谷 浜村 宝木 末恒 鳥取大学前 湖山 鳥取 福部 大岩 岩美 東浜 居組 諸寄 浜坂 久谷 餘部 鎧 香住 柴山 佐津 竹野 城崎温泉 玄武洞 豊岡 国府 江原 八鹿 養父 和田山 梁瀬 上夜久野 下夜久野 上川口 福知山 石原 高津 綾部 山家 立木 安栖里 和知 下山 胡麻,auto_v2
山陰線,山陰線(胡麻〜八木),46,胡麻 鍼灸大学前 日吉 船岡 園部 吉富 八木,auto_v2
山陰線,山陰線(八木〜保津峡),60,八木 千代川 並河 亀岡 馬堀 保津峡,auto_v2
山陰線,山陰線(保津峡〜京都),98,保津峡 嵯峨嵐山 太秦 花園 円町 二条 丹波口 梅小路京都西 京都,auto_v2
山陰線,山陰線(長門市〜仙崎),6,長門市 仙崎,auto_v2
山陽新幹線,山陽新幹線(博多〜新下関),118,博多 小倉 新下関,auto_v2
山陽新幹線,山陽新幹線(新下関〜厚狭),27,新下関 厚狭,auto_v2
山陽新幹線,山陽新幹線(厚狭〜新山口),19,厚狭 新山口,auto_v2
山陽新幹線,山陽新幹線(新山口〜徳山),54,新山口 徳山,auto_v2
山陽新幹線,山陽新幹線(徳山〜広島),45,徳山 新岩国 広島,auto_v2
山陽新幹線,山陽新幹線(広島〜新大阪),138,広島 東広島 三原 新尾道 福山 新倉敷 岡山 相生 姫路 西明石 新神戸 新大阪,auto_v2
山陽線,山陽線(和田岬〜新長田),17,和田岬 新長田,auto_v2
山陽線,山陽線(新長田〜宝殿),144,新長田 鷹取 須磨海浜公園 須磨 塩屋 垂水 舞子 朝霧 明石 西明石 大久保 魚住 土山 東加古川 加古川 宝殿,auto_v2
山陽線,山陽線(宝殿〜英賀保),99,宝殿 曽根 ひめじ別所 御着 東姫路 姫路 英賀保,auto_v2
山陽線,山陽線(英賀保〜高島),74,英賀保 はりま勝原 網干 竜野 相生 有年 上郡 三石 吉永 和気 熊山 万富 瀬戸 上道 東岡山 高島,auto_v2
山陽線,山陽線(高島〜門司),55,高島 西川原 岡山 北長瀬 庭瀬 中庄 倉敷 西阿知 新倉敷 金光 鴨方 里庄 笠岡 大門 東福山 福山 備後赤坂 松永 東尾道 尾道 糸崎 三原 本郷 河内 入野 白市 西高屋 西条 寺家 八本松 瀬野 中野東 安芸中野 海田市 向洋 天神川 広島 新白島 横川 西広島 新井口 五日市 廿日市 宮内串戸 阿品 宮島口 前空 大野浦 玖波 大竹 和木 岩国 南岩国 藤生 通津 由宇 大畠 柳井港 柳井 田布施 岩田 島田 光 下松 櫛ヶ浜 徳山 新南陽 福川 戸田 富海 防府 大道 四辻 新山口 嘉川 本由良 厚東 宇部 小野田 厚狭 埴生 小月 長府 新下関 幡生 下関 門司,auto_v2
山陽線,山陽線(和田岬〜神戸),215,和田岬 兵庫 神戸,auto_v2
山陽電鉄本線,,163,,auto_v1
岩徳線,岩徳線(岩国〜川西),22,岩国 西岩国 川西,auto_v2
岩徳線,岩徳線(川西〜櫛ヶ浜),12,川西 柱野 欽明路 玖珂 周防高森 米川 高水 勝間 大河内 周防久保 生野屋 周防花岡 櫛ヶ浜,auto_v2
岳南鉄道線,,36,,auto_v1
島原鉄道線,島原鉄道線(諫早（雲仙・島原口）〜本諫早（諫早市役所前）),32,諫早（雲仙・島原口） 本諫早（諫早市役所前）,auto_v2
島原鉄道線,島原鉄道線(本諫早（諫早市役所前）〜島原港),19,本諫早（諫早市役所前） 幸 小野 干拓の里 森山 釜ノ鼻 諫早東高校 愛野 阿母崎 吾妻（雲仙市役所前） 古部 大正 西郷 神代（鍋島邸前） 多比良 有明湯江 三会 島原 霊丘公園体育館 島原船津 島原港,auto_v2
嵐山本線,,106,,auto_v1
嵐山線,,86,,auto_v1
嵯峨野観光線,,8,,auto_v1
帆柱ケーブル線,,34,,auto_v1
常滑線,常滑線(榎戸〜古見),37,榎戸 蒲池 常滑 新舞子 西ノ口 多屋 大野町 日長 長浦 古見,auto_v2
常滑線,常滑線(古見〜聚楽園),76,古見 寺本 柴田 新日鉄前 神宮前 太田川 大江 大同町 朝倉 道徳 尾張横須賀 豊田本町 名和 聚楽園,auto_v2
広島短距離交通瀬野線,,0,,manual
広島電鉄本線,広島電鉄本線(広電西広島（己斐）〜土橋),101,広電西広島（己斐） 福島町 西観音町 観音町 天満町 小網町 土橋,auto_v2
広島電鉄本線,広島電鉄本線(土橋〜紙屋町東),177,土橋 十日市町 本川町 原爆ドーム前 紙屋町西 紙屋町東,auto_v2
広島電鉄本線,広島電鉄本線(紙屋町東〜的場町),262,紙屋町東 立町 八丁堀 胡町 銀山町 稲荷町 的場町,auto_v2
広島電鉄本線,広島電鉄本線(的場町〜広島駅),15,的場町 猿猴橋町 広島駅,auto_v2
広見線,広見線(犬山〜新可児),66,犬山 富岡前 善師野 西可児 可児川 日本ライン今渡 新可児,auto_v2
広見線,広見線(新可児〜御嵩),35,新可児 明智 顔戸 御嵩口 御嵩,auto_v2
弥彦線,,12,,auto_v1
後藤寺線,,23,,auto_v1
御所線,,65,,auto_v1
徳島線,徳島線(佐古〜阿波川島),29,佐古 蔵本 鮎喰 府中 石井 下浦 牛島 麻植塚 鴨島 西麻植 阿波川島,auto_v2
徳島線,徳島線(阿波川島〜穴吹),21,阿波川島 学 山瀬 阿波山川 川田 穴吹,auto_v2
徳島線,徳島線(穴吹〜佃),10,穴吹 小島 貞光 阿波半田 江口 三加茂 阿波加茂 辻 佃,auto_v2
志度線,,43,,auto_v1
志摩線,志摩線(鳥羽〜中之郷),54,鳥羽 中之郷,auto_v2
志摩線,志摩線(中之郷〜賢島),27,中之郷 志摩赤崎 船津 加茂 松尾 白木 五知 沓掛 上之郷 志摩磯部 穴川 志摩横山 鵜方 志摩神明 賢島,auto_v2
愛知環状鉄道線,,68,,auto_v1
指宿枕崎線,指宿枕崎線(鹿児島中央〜中名),41,鹿児島中央 郡元 南鹿児島 宇宿 谷山 慈眼寺 坂之上 五位野 平川 中名,auto_v2
指宿枕崎線,指宿枕崎線(中名〜指宿),22,中名 喜入 生見 薩摩今和泉 宮ヶ浜 二月田 指宿,auto_v2
指宿枕崎線,指宿枕崎線(指宿〜枕崎),7,指宿 山川 大山 西大山 薩摩川尻 東開聞 開聞 入野 頴娃 西頴娃 御領 石垣 水成川 頴娃大川 松ヶ浦 薩摩塩屋 白沢 薩摩板敷 枕崎,auto_v2
摩耶ケーブル線,,34,,auto_v1
播但線,播但線(和田山〜寺前),13,和田山 竹田 青倉 新井 生野 長谷 寺前,auto_v2
播但線,播但線(寺前〜福崎),31,寺前 新野 鶴居 甘地 福崎,auto_v2
播但線,播但線(福崎〜姫路),43,福崎 溝口 香呂 仁豊野 砥堀 野里 京口 姫路,auto_v2
新湊港線,,57,,auto_v1
日南線,日南線(志布志〜谷之口),6,志布志 大隅夏井 福島高松 福島今町 串間 日向北方 日向大束 榎原 谷之口,auto_v2
日南線,日南線(谷之口〜青島),12,谷之口 南郷 大堂津 油津 日南 飫肥 内之田 北郷 伊比井 小内海 内海 折生迫 青島,auto_v2
日南線,日南線(青島〜南方),20,青島 子供の国 曽山寺 運動公園 木花 南方,auto_v2
日南線,日南線(南方〜南宮崎),36,南方 田吉 南宮崎,auto_v2
日本海ひすいライン,,20,,auto_v1
日生線,,116,,auto_v1
日田彦山線,日田彦山線(城野〜田川後藤寺),27,城野 石田 志井公園 志井 石原町 呼野 採銅所 香春 一本松 田川伊田 田川後藤寺,auto_v2
日田彦山線,日田彦山線(田川後藤寺〜夜明),15,田川後藤寺 池尻 豊前川崎 西添田 添田 歓遊舎ひこさん 豊前桝田 彦山 筑前岩屋 大行司 宝珠山 大鶴 今山 夜明,auto_v2
日豊線,日豊線(鹿児島〜竜ヶ水),47,鹿児島 竜ヶ水,auto_v2
日豊線,日豊線(竜ヶ水〜国分),40,竜ヶ水 重富 姶良 帖佐 錦江 加治木 隼人 国分,auto_v2
日豊線,日豊線(国分〜宮崎),32,国分 霧島神宮 北永野田 大隅大川原 北俣 財部 五十市 西都城 都城 三股 餅原 山之口 青井岳 田野 日向沓掛 清武 加納 南宮崎 宮崎,auto_v2
日豊線,日豊線(宮崎〜宮崎神宮),79,宮崎 宮崎神宮,auto_v2
日豊線,日豊線(宮崎神宮〜日向新富),42,宮崎神宮 蓮ヶ池 日向住吉 佐土原 日向新富,auto_v2
日豊線,日豊線(日向新富〜門川),34,日向新富 高鍋 川南 都農 東都農 美々津 南日向 財光寺 日向市 門川,auto_v2
日豊線,日豊線(門川〜下ノ江),23,門川 土々呂 旭ヶ丘 南延岡 延岡 北延岡 日向長井 北川 市棚 宗太郎 重岡 直川 直見 上岡 佐伯 海崎 狩生 浅海井 日代 津久見 臼杵 上臼杵 熊崎 下ノ江,auto_v2
日豊線,日豊線(下ノ江〜大在),37,下ノ江 佐志生 幸崎 坂ノ市 大在,auto_v2
日豊線,日豊線(大在〜中山香),49,大在 鶴崎 高城 牧 大分 西大分 東別府 別府 別府大学 亀川 豊後豊岡 暘谷 日出 大神 杵築 中山香,auto_v2
日豊線,日豊線(中山香〜椎田),30,中山香 立石 西屋敷 宇佐 豊前長洲 柳ヶ浦 豊前善光寺 天津 今津 東中津 中津 吉富 三毛門 宇島 豊前松江 椎田,auto_v2
日豊線,日豊線(椎田〜小波瀬西工大前),94,椎田 築城 新田原 南行橋 行橋 小波瀬西工大前,auto_v2
日豊線,日豊線(小波瀬西工大前〜西小倉),83,小波瀬西工大前 苅田 朽網 下曽根 安部山公園 城野 南小倉 西小倉,auto_v2
日豊線,日豊線(西小倉〜小倉),58,西小倉 小倉,auto_v2
明知線,,14,,auto_v1
智頭線,智頭線(智頭〜恋山形),25,智頭 恋山形,auto_v2
智頭線,智頭線(恋山形〜上郡),11,恋山形 山郷 あわくら温泉 西粟倉 大原 宮本武蔵 石井 平福 佐用 久崎 河野原円心 苔縄 上郡,auto_v2
有馬線,有馬線(湊川〜丸山),146,湊川 長田 丸山,auto_v2
有馬線,有馬線(丸山〜有馬温泉),86,丸山 鵯越 鈴蘭台 北鈴蘭台 山の街 箕谷 谷上 花山 大池 神鉄六甲 唐櫃台 有馬口 有馬温泉,auto_v2
木次線,木次線(備後落合〜出雲横田),3,備後落合 油木 三井野原 出雲坂根 八川 出雲横田,auto_v2
木次線,木次線(出雲横田〜宍道),10,出雲横田 亀嵩 出雲三成 出雲八代 下久野 日登 木次 南大東 出雲大東 幡屋 加茂中 南宍道 宍道,auto_v2
本四備讃線,本四備讃線(茶屋町〜児島),56,茶屋町 植松 木見 上の町 児島,auto_v2
本四備讃線,本四備讃線(児島〜宇多津),70,児島 宇多津,auto_v2
本町線,,7,,auto_v1
東山本線,東山本線(東山・おかでんミュージアム〜柳川),146,東山・おかでんミュージアム 門田屋敷 中納言 小橋 西大寺町・岡山芸術創造劇場ハレノワ前 県庁通り 城下 柳川,auto_v2
東山本線,東山本線(柳川〜岡山駅前),215,柳川 西川緑道公園 岡山駅前,auto_v2
東海道線(JR東海),東海道線(JR東海)(米原〜穂積),47,米原 醒ヶ井 近江長岡 柏原 関ヶ原 垂井 大垣 穂積,auto_v2
東海道線(JR東海),東海道線(JR東海)(穂積〜西岐阜),83,穂積 西岐阜,auto_v2
東海道線(JR東海),東海道線(JR東海)(西岐阜〜木曽川),92,西岐阜 岐阜 木曽川,auto_v2
東海道線(JR東海),東海道線(JR東海)(木曽川〜熱田),166,木曽川 尾張一宮 稲沢 清洲 枇杷島 名古屋 尾頭橋 金山 熱田,auto_v2
東海道線(JR東海),東海道線(JR東海)(熱田〜相見),140,熱田 笠寺 大高 南大高 共和 大府 逢妻 刈谷 野田新町 東刈谷 三河安城 安城 西岡崎 岡崎 相見,auto_v2
東海道線(JR東海),東海道線(JR東海)(相見〜三河三谷),109,相見 幸田 三ヶ根 三河塩津 蒲郡 三河三谷,auto_v2
東海道線(JR東海),東海道線(JR東海)(三河三谷〜舞阪),52,三河三谷 三河大塚 愛知御津 西小坂井 豊橋 二川 新所原 鷲津 新居町 弁天島 舞阪,auto_v2
東海道線(JR東海),東海道線(JR東海)(舞阪〜御厨),77,舞阪 高塚 浜松 天竜川 豊田町 磐田 御厨,auto_v2
東海道線(JR東海),東海道線(JR東海)(御厨〜熱海),65,御厨 袋井 愛野 掛川 菊川 金谷 島田 六合 藤枝 西焼津 焼津 用宗 安倍川 静岡 東静岡 草薙 清水 興津 由比 蒲原 新蒲原 富士川 富士 吉原 東田子の浦 原 片浜 沼津 三島 函南 熱海,auto_v2
東海道線(JR東海),東海道線(JR東海)(大垣〜美濃赤坂),18,大垣 荒尾 美濃赤坂,auto_v2
東海道線(JR西日本),東海道線(JR西日本)(神戸〜塚本),286,神戸 元町 三ノ宮 灘 摩耶 六甲道 住吉 摂津本山 甲南山手 芦屋 さくら夙川 西宮 甲子園口 立花 尼崎 塚本,auto_v2
東海道線(JR西日本),東海道線(JR西日本)(塚本〜東淀川),327,塚本 福島 大阪 新大阪 東淀川,auto_v2
東海道線(JR西日本),東海道線(JR西日本)(東淀川〜野洲),151,東淀川 吹田 岸辺 千里丘 茨木 JR総持寺 摂津富田 高槻 島本 山崎 長岡京 向日町 桂川 西大路 京都 山科 大津 膳所 石山 瀬田 南草津 草津 栗東 守山 野洲,auto_v2
東海道線(JR西日本),東海道線(JR西日本)(野洲〜米原),77,野洲 篠原 近江八幡 安土 能登川 稲枝 河瀬 南彦根 彦根 米原,auto_v2
東田本線,東田本線(運動公園前〜井原),68,運動公園前 赤岩口 井原,auto_v2
東田本線,東田本線(井原〜駅前),133,井原 競輪場前 東田 東田坂上 前畑 東八町 豊橋公園前 市役所前 札木 新川 駅前大通 駅前,auto_v2
桜井線,,27,,auto_v1
桜島線,,127,,auto_v1
桜町支線,,96,,auto_v1
横川線,,139,,auto_v1
横河原線,,63,,auto_v1
樽見線,樽見線(樽見〜本巣),11,樽見 水鳥 高尾 日当 鍋原 高科 神海 谷汲口 木知原 織部 本巣,auto_v2
樽見線,樽見線(本巣〜大垣),20,本巣 糸貫 モレラ岐阜 北方真桑 美江寺 十九条 横屋 東大垣 大垣,auto_v2
橿原線,橿原線(大和西大寺〜尼ヶ辻),168,大和西大寺 尼ヶ辻,auto_v2
橿原線,橿原線(尼ヶ辻〜筒井),136,尼ヶ辻 西ノ京 九条 近鉄郡山 筒井,auto_v2
橿原線,橿原線(筒井〜大和八木),109,筒井 平端 ファミリー公園前 結崎 石見 田原本 笠縫 新ノ口 大和八木,auto_v2
橿原線,橿原線(大和八木〜橿原神宮前),137,大和八木 八木西口 畝傍御陵前 橿原神宮前,auto_v2
武庫川線,,74,,auto_v1
武豊線,,39,,auto_v1
比叡山鉄道線,,20,,auto_v1
水島本線,水島本線(倉敷市〜水島),32,倉敷市 球場前 西富井 福井 浦田 弥生 栄 常盤 水島,auto_v2
水島本線,水島本線(水島〜三菱自工前),13,水島 三菱自工前,auto_v2
水間線,,45,,auto_v1
氷見線,,18,,auto_v1
江波線,江波線(江波〜舟入南),76,江波 舟入南,auto_v2
江波線,江波線(舟入南〜土橋),134,舟入南 舟入川口町 舟入幸町 舟入本町 舟入町 土橋,auto_v2
河口湖線,,38,,auto_v1
河和線,河和線(太田川〜高横須賀),140,太田川 高横須賀,auto_v2
河和線,河和線(高横須賀〜白沢),126,高横須賀 南加木屋 八幡新田 巽ヶ丘 白沢,auto_v2
河和線,河和線(白沢〜知多半田),109,白沢 坂部 阿久比 植大 半田口 住吉町 知多半田,auto_v2
河和線,河和線(知多半田〜富貴),83,知多半田 成岩 青山 上ゲ 知多武豊 富貴,auto_v2
河和線,河和線(富貴〜河和),74,富貴 河和口 河和,auto_v2
泉北高速鉄道線,泉北高速鉄道線(中百舌鳥〜深井),117,中百舌鳥 深井,auto_v2
泉北高速鉄道線,泉北高速鉄道線(深井〜和泉中央),142,深井 泉ケ丘 栂・美木多 光明池 和泉中央,auto_v2
津山線,,22,,auto_v1
津島線,,89,,auto_v1
浅野川線,,37,,auto_v1
清輝橋線,,70,,auto_v1
渥美線,,70,,auto_v1
湖西線,湖西線(近江塩津〜比良),30,近江塩津 永原 マキノ 近江中庄 近江今津 新旭 安曇川 近江高島 北小松 近江舞子 比良,auto_v2
湖西線,湖西線(比良〜堅田),53,比良 志賀 蓬莱 和邇 小野 堅田,auto_v2
湖西線,湖西線(堅田〜比叡山坂本),67,堅田 おごと温泉 比叡山坂本,auto_v2
湖西線,湖西線(比叡山坂本〜山科),72,比叡山坂本 唐崎 大津京 山科,auto_v2
湯の山線,,49,,auto_v1
湯前線,,9,,auto_v1
瀬戸線,瀬戸線(尾張瀬戸〜大森・金城学院前),105,尾張瀬戸 瀬戸市役所前 新瀬戸 水野 三郷 尾張旭 旭前 印場 大森・金城学院前,auto_v2
瀬戸線,瀬戸線(大森・金城学院前〜栄町),129,大森・金城学院前 喜多山 小幡 瓢箪山 守山自衛隊前 矢田 大曽根 森下 尼ヶ坂 清水 東大手 栄町,auto_v2
無軌条電車線,,0,,manual
熊本市電,,68,,auto_v1
片町線,片町線(京橋〜徳庵),194,京橋 鴫野 放出 徳庵,auto_v2
片町線,片町線(徳庵〜松井山手),123,徳庵 鴻池新田 住道 野崎 四条畷 忍ヶ丘 寝屋川公園 星田 河内磐船 津田 藤阪 長尾 松井山手,auto_v2
片町線,片町線(松井山手〜京田辺),77,松井山手 大住 京田辺,auto_v2
片町線,片町線(京田辺〜同志社前),68,京田辺 同志社前,auto_v2
片町線,片町線(同志社前〜木津),36,同志社前 JR三山木 下狛 祝園 西木津 木津,auto_v2
牟岐線,牟岐線(阿波海南〜見能林),17,阿波海南 浅川 鯖瀬 牟岐 辺川 山河内 日和佐 北河内 木岐 田井ノ浜 由岐 阿波福井 新野 桑野 阿波橘 見能林,auto_v2
牟岐線,牟岐線(見能林〜徳島),31,見能林 阿南 阿波中島 西原 羽ノ浦 立江 阿波赤石 南小松島 中田 地蔵橋 文化の森 二軒屋 阿波富田 徳島,auto_v2
犬山線,,159,,auto_v1
琴平線,琴平線(高松築港〜瓦町),127,高松築港 片原町 瓦町,auto_v2
琴平線,琴平線(瓦町〜一宮),68,瓦町 栗林公園 三条 伏石 太田 仏生山 空港通り 一宮,auto_v2
琴平線,琴平線(一宮〜滝宮),46,一宮 円座 岡本 挿頭丘 畑田 陶 綾川 滝宮,auto_v2
琴平線,琴平線(滝宮〜琴電琴平),34,滝宮 羽床 栗熊 岡田 羽間 榎井 琴電琴平,auto_v2
甘木線,,40,,auto_v1
生駒線,生駒線(生駒〜東山),75,生駒 菜畑 一分 南生駒 萩の台 東山,auto_v2
生駒線,生駒線(東山〜王寺),66,東山 元山上口 平群 竜田川 勢野北口 信貴山下 王寺,auto_v2
生駒鋼索線,生駒鋼索線(鳥居前〜宝山寺),53,鳥居前 宝山寺,auto_v2
生駒鋼索線,生駒鋼索線(宝山寺〜生駒山上),15,宝山寺 梅屋敷 霞ヶ丘 生駒山上,auto_v2
田原本線,,47,,auto_v1
田川線,,20,,auto_v1
甲陽線,,108,,auto_v1
白島線,,53,,auto_v1
白新線,白新線(新発田〜西新発田),42,新発田 西新発田,auto_v1
白新線,白新線(西新発田〜豊栄),42,西新発田 佐々木 黒山 豊栄,auto_v1
白新線,白新線(豊栄〜東新潟),42,豊栄 早通 新崎 大形 新潟 東新潟,auto_v1
皆実線,,15,,auto_v1
知多新線,,41,,auto_v1
石山坂本線,石山坂本線(石山寺〜近江神宮前),113,石山寺 唐橋前 京阪石山 粟津 瓦ヶ浜 中ノ庄 膳所本町 錦 京阪膳所 石場 島ノ関 びわ湖浜大津 三井寺 大津市役所前 京阪大津京 近江神宮前,auto_v2
石山坂本線,石山坂本線(近江神宮前〜坂本比叡山口),94,近江神宮前 南滋賀 滋賀里 穴太 松ノ馬場 坂本比叡山口,auto_v2
石川線,,27,,auto_v1
神戸市営海岸線,,99,,auto_v1
神戸市営西神・山手線,,176,,auto_v1
神戸線,神戸線(大阪梅田〜神崎川),256,大阪梅田 中津 十三 神崎川,auto_v2
神戸線,神戸線(神崎川〜西宮北口),173,神崎川 園田 塚口 武庫之荘 西宮北口,auto_v2
神戸線,神戸線(西宮北口〜芦屋川),225,西宮北口 夙川 芦屋川,auto_v2
神戸線,神戸線(芦屋川〜神戸三宮),119,芦屋川 岡本 御影 六甲 王子公園 春日野道 神戸三宮,auto_v2
神戸高速線,神戸高速線(神戸三宮〜高速神戸),126,神戸三宮 花隈 高速神戸,auto_v2
神戸高速線,神戸高速線(高速神戸〜新開地),215,高速神戸 西元町 元町 新開地,auto_v2
神戸高速線,神戸高速線(新開地〜大開),245,新開地 大開,auto_v2
神戸高速線,神戸高速線(大開〜湊川),115,大開 高速長田 西代 湊川,auto_v2
福塩線,福塩線(塩町〜下川辺),6,塩町 三良坂 吉舎 備後安田 梶田 甲奴 上下 備後矢野 備後三川 河佐 中畑 下川辺,auto_v2
福塩線,福塩線(下川辺〜福山),27,下川辺 府中 鵜飼 高木 新市 上戸手 戸手 近田 駅家 万能倉 道上 湯田村 神辺 横尾 備後本庄 福山,auto_v2
福岡市営七隈線,,177,,auto_v1
福岡市営空港線,福岡市営空港線(福岡空港〜中洲川端),182,福岡空港 東比恵 博多 祇園 中洲川端,auto_v2
福岡市営空港線,福岡市営空港線(中洲川端〜姪浜),252,中洲川端 天神 赤坂 大濠公園 唐人町 西新 藤崎 室見 姪浜,auto_v2
福岡市営箱崎線,,131,,auto_v1
福武線,,44,,auto_v1
福知山線,福知山線(尼崎〜塚口),210,尼崎 塚口,auto_v2
福知山線,福知山線(塚口〜伊丹),84,塚口 猪名寺 伊丹,auto_v2
福知山線,福知山線(伊丹〜宝塚),161,伊丹 北伊丹 川西池田 中山寺 宝塚,auto_v2
福知山線,福知山線(宝塚〜新三田),132,宝塚 生瀬 西宮名塩 武田尾 道場 三田 新三田,auto_v2
福知山線,福知山線(新三田〜丹波大山),42,新三田 広野 相野 藍本 草野 古市 南矢代 篠山口 丹波大山,auto_v2
福知山線,福知山線(丹波大山〜福知山),25,丹波大山 下滝 谷川 柏原 石生 黒井 市島 丹波竹田 福知山,auto_v2
立山線,立山線(寺田〜稚子塚),28,寺田 稚子塚,auto_v2
立山線,立山線(稚子塚〜立山),15,稚子塚 田添 五百石 榎町 下段 釜ヶ淵 沢中山 岩峅寺 横江 千垣 有峰口 本宮 立山,auto_v2
立山黒部貫光鋼索線,立山黒部貫光鋼索線(黒部湖〜美女平),24,黒部湖 黒部平 美女平,auto_v2
立山黒部貫光鋼索線,立山黒部貫光鋼索線(美女平〜立山),31,美女平 立山,auto_v2
竹鼻線,,49,,auto_v1
筑肥線,筑肥線(姪浜〜筑前前原),77,姪浜 下山門 今宿 九大学研都市 周船寺 波多江 糸島高校前 筑前前原,auto_v2
筑肥線,筑肥線(筑前前原〜和多田),47,筑前前原 美咲が丘 加布里 一貴山 筑前深江 大入 福吉 鹿家 浜崎 虹ノ松原 東唐津 和多田,auto_v2
筑肥線,筑肥線(和多田〜伊万里),9,和多田 山本 肥前久保 西相知 佐里 駒鳴 大川野 肥前長野 桃川 金石原 上伊万里 伊万里,auto_v2
筑肥線,筑肥線(和多田〜唐津),43,和多田 唐津,auto_v2
筑豊線,筑豊線(原田〜桂川),8,原田 筑前山家 筑前内野 上穂波 桂川,auto_v2
筑豊線,筑豊線(桂川〜浦田),57,桂川 天道 飯塚 新飯塚 浦田,auto_v2
筑豊線,筑豊線(浦田〜若松),49,浦田 鯰田 小竹 勝野 直方 新入 筑前植木 鞍手 筑前垣生 中間 東水巻 折尾 本城 二島 奥洞海 藤ノ木 若松,auto_v2
筑豊電気鉄道線,筑豊電気鉄道線(黒崎駅前〜筑豊中間),80,黒崎駅前 西黒崎 熊西 萩原 穴生 森下 今池 永犬丸 三ヶ森 西山 通谷 東中間 筑豊中間,auto_v2
筑豊電気鉄道線,筑豊電気鉄道線(筑豊中間〜楠橋),69,筑豊中間 希望が丘高校前 筑豊香月 楠橋,auto_v2
筑豊電気鉄道線,筑豊電気鉄道線(楠橋〜筑豊直方),61,楠橋 新木屋瀬 木屋瀬 遠賀野 感田 筑豊直方,auto_v2
箕面線,,111,,auto_v1
築港線,,20,,auto_v1
篠ノ井線,篠ノ井線(塩尻〜田沢),89,塩尻 広丘 村井 平田 南松本 松本 田沢,auto_v2
篠ノ井線,篠ノ井線(田沢〜篠ノ井),20,田沢 明科 西条 坂北 聖高原 冠着 姨捨 稲荷山 篠ノ井,auto_v2
篠栗線,篠栗線(吉塚〜城戸南蔵院前),73,吉塚 原町 篠栗 筑前山手 長者原 門松 柚須 城戸南蔵院前,auto_v2
篠栗線,篠栗線(城戸南蔵院前〜筑前大分),55,城戸南蔵院前 九郎原 桂川 筑前大分,auto_v2
粟生線,粟生線(鈴蘭台〜西鈴蘭台),74,鈴蘭台 鈴蘭台西口 西鈴蘭台,auto_v2
粟生線,粟生線(西鈴蘭台〜志染),57,西鈴蘭台 藍那 木津 木幡 栄 押部谷 緑が丘 広野ゴルフ場前 志染,auto_v2
粟生線,粟生線(志染〜小野),50,志染 恵比須 三木上の丸 三木 大村 樫山 市場 小野,auto_v2
粟生線,粟生線(小野〜粟生),26,小野 葉多 粟生,auto_v2
糸田線,,18,,auto_v1
紀勢線,,23,,auto_v1
紀州鉄道線,,15,,auto_v1
網干線,,79,,auto_v1
美祢線,美祢線(厚狭〜湯ノ峠),21,厚狭 湯ノ峠,auto_v2
美祢線,美祢線(湯ノ峠〜長門市),9,湯ノ峠 厚保 四郎ヶ原 南大嶺 美祢 重安 於福 渋木 長門湯本 板持 長門市,auto_v2
羽島線,,48,,auto_v1
肥薩おれんじ鉄道線,,14,,auto_v1
肥薩線,肥薩線(八代〜段),3,八代 段,auto_v2
肥薩線,肥薩線(段〜隼人),16,段 坂本 葉木 鎌瀬 瀬戸石 海路 吉尾 白石 球泉洞 一勝地 那良口 渡 西人吉 人吉 大畑 矢岳 真幸 吉松 栗野 大隅横川 植村 霧島温泉 嘉例川 中福良 表木山 日当山 隼人,auto_v2
舞鶴線,舞鶴線(東舞鶴〜真倉),27,東舞鶴 西舞鶴 真倉,auto_v2
舞鶴線,舞鶴線(真倉〜綾部),17,真倉 梅迫 淵垣 綾部,auto_v2
花園線,,94,,auto_v1
芸備線,芸備線(広島〜中深川),45,広島 矢賀 戸坂 安芸矢口 玖村 下深川 中深川,auto_v2
芸備線,芸備線(中深川〜白木山),24,中深川 上深川 狩留家 白木山,auto_v2
芸備線,芸備線(白木山〜下和知),14,白木山 中三田 上三田 志和口 井原市 向原 吉田口 甲立 上川立 志和地 西三次 三次 八次 神杉 塩町 下和知,auto_v2
芸備線,芸備線(下和知〜備中神代),8,下和知 山ノ内 七塚 備後三日市 備後庄原 高 平子 備後西城 比婆山 備後落合 道後山 小奴可 内名 備後八幡 東城 野馳 矢神 市岡 坂根 備中神代,auto_v2
若桜線,,13,,auto_v1
草津線,草津線(草津〜貴生川),34,草津 手原 石部 甲西 三雲 貴生川,auto_v2
草津線,草津線(貴生川〜柘植),26,貴生川 甲南 寺庄 甲賀 油日 柘植,auto_v2
菊池線,菊池線(御代志〜北熊本),43,御代志 再春医療センター前 熊本高専前 黒石 三ツ石 須屋 新須屋 堀川 八景水谷 亀井 北熊本,auto_v2
菊池線,菊池線(北熊本〜上熊本),31,北熊本 坪井川公園 打越 池田 韓々坂 上熊本,auto_v2
蒲郡線,,35,,auto_v1
藤崎線,,41,,auto_v1
蛍茶屋支線,,97,,auto_v1
西九州新幹線,西九州新幹線(長崎〜嬉野温泉),24,長崎 諫早 新大村 嬉野温泉,auto_v2
西九州新幹線,西九州新幹線(嬉野温泉〜武雄温泉),17,嬉野温泉 武雄温泉,auto_v2
西九州線,西九州線(佐世保〜佐々),40,佐世保 佐世保中央 中佐世保 北佐世保 山の田 泉福寺 左石 野中 皆瀬 中里 本山 上相浦 大学 相浦 棚方 真申 小浦 佐々,auto_v2
西九州線,西九州線(佐々〜有田),21,佐々 清峰高校前 神田 吉井 潜竜ヶ滝 いのつき 高岩 江迎鹿町 すえたちばな 西田平 たびら平戸口 中田平 東田平 西木場 御厨 松浦発電所前 松浦 調川 前浜 鷹島口 今福 福島口 浦ノ崎 波瀬 久原 鳴石 楠久 里 東山代 伊万里 川東 金武 夫婦石 山谷 大木 西有田 蔵宿 黒川 三代橋 有田,auto_v2
西信貴鋼索線,,12,,auto_v1
西尾線,西尾線(新安城〜西尾口),69,新安城 北安城 南安城 碧海古井 堀内公園 桜井 南桜井 米津 桜町前 西尾口,auto_v2
西尾線,西尾線(西尾口〜吉良吉田),37,西尾口 西尾 福地 上横須賀 吉良吉田,auto_v2
西鉄甘木線,,39,,auto_v1
豊川線,,59,,auto_v1
豊田線,,79,,auto_v1
豊肥線,豊肥線(熊本〜肥後大津),50,熊本 平成 南熊本 新水前寺 水前寺 東海学園前 竜田口 武蔵塚 光の森 三里木 原水 肥後大津,auto_v2
豊肥線,豊肥線(肥後大津〜大分),36,肥後大津 瀬田 立野 赤水 市ノ川 内牧 阿蘇 いこいの村 宮地 波野 滝水 豊後荻 玉来 豊後竹田 朝地 緒方 豊後清川 三重町 菅尾 犬飼 竹中 中判田 大分大学前 敷戸 滝尾 大分,auto_v2
貝塚線,,83,,auto_v1
貴志川線,,36,,auto_v1
赤穂線,赤穂線(東岡山〜香登),32,東岡山 大多羅 西大寺 大富 邑久 長船 香登,auto_v2
赤穂線,赤穂線(香登〜坂越),23,香登 伊部 西片上 備前片上 伊里 日生 寒河 備前福河 天和 播州赤穂 坂越,auto_v2
赤穂線,赤穂線(坂越〜相生),29,坂越 西相生 相生,auto_v2
赤迫支線,,146,,auto_v1
越後線,越後線(柏崎〜南吉田),11,柏崎 東柏崎 西中通 荒浜 刈羽 西山 礼拝 石地 小木ノ城 出雲崎 妙法寺 小島谷 桐原 寺泊 分水 粟生津 南吉田,auto_v2
越後線,越後線(南吉田〜内野),24,南吉田 吉田 北吉田 岩室 巻 越後曽根 越後赤塚 内野西が丘 内野,auto_v2
越後線,越後線(内野〜新潟),52,内野 新潟大学前 寺尾 小針 青山 関屋 白山 新潟,auto_v2
越美北線,,6,,auto_v1
越美南線,越美南線(北濃〜美濃市),14,北濃 白山長滝 白鳥高原 美濃白鳥 大島 大中 上万場 万場 郡上大和 徳永 山田 自然園前 郡上八幡 相生 深戸 赤池 美並苅安 福野 大矢 みなみ子宝温泉 八坂 木尾 母野 洲原 湯の洞温泉口 梅山 美濃市,auto_v2
越美南線,越美南線(美濃市〜美濃太田),23,美濃市 松森 関下有知 関市役所前 関 せきてらす前 関口 関富岡 富加 加茂野 前平公園 美濃太田,auto_v2
身延線,身延線(富士〜西富士宮),54,富士 柚木 竪堀 入山瀬 富士根 源道寺 富士宮 西富士宮,auto_v2
身延線,身延線(西富士宮〜市川大門),35,西富士宮 沼久保 芝川 稲子 十島 井出 寄畑 内船 甲斐大島 身延 塩之沢 波高島 下部温泉 甲斐常葉 市ノ瀬 久那土 甲斐岩間 落居 鰍沢口 市川大門,auto_v2
身延線,身延線(市川大門〜甲府),28,市川大門 市川本町 芦川 甲斐上野 東花輪 小井川 常永 国母 甲斐住吉 南甲府 善光寺 金手 甲府,auto_v2
近江鉄道本線,近江鉄道本線(ひこね芹川〜愛知川),33,ひこね芹川 愛知川,auto_v2
近江鉄道本線,近江鉄道本線(愛知川〜米原),25,愛知川 河辺の森 貴生川 京セラ前 五箇荘 高宮 桜川 水口 水口松尾 水口城南 水口石橋 大学前 朝日大塚 朝日野 長谷野 尼子 日野 八日市 彦根口 豊郷 彦根 鳥居本 フジテック前 米原,auto_v2
近鉄京都線,近鉄京都線(大和西大寺〜平城),224,大和西大寺 平城,auto_v2
近鉄京都線,近鉄京都線(平城〜山田川),186,平城 高の原 山田川,auto_v2
近鉄京都線,近鉄京都線(山田川〜新田辺),94,山田川 木津川台 新祝園 狛田 近鉄宮津 三山木 興戸 新田辺,auto_v2
近鉄京都線,近鉄京都線(新田辺〜近鉄丹波橋),188,新田辺 富野荘 寺田 久津川 大久保 伊勢田 小倉 向島 桃山御陵前 近鉄丹波橋,auto_v2
近鉄京都線,近鉄京都線(近鉄丹波橋〜伏見),247,近鉄丹波橋 伏見,auto_v2
近鉄京都線,近鉄京都線(伏見〜上鳥羽口),152,伏見 竹田 上鳥羽口,auto_v2
近鉄京都線,近鉄京都線(上鳥羽口〜京都),75,上鳥羽口 十条 東寺 京都,auto_v2
近鉄奈良線,近鉄奈良線(近鉄奈良〜富雄),106,近鉄奈良 新大宮 大和西大寺 菖蒲池 学園前 富雄,auto_v1
近鉄奈良線,近鉄奈良線(富雄〜生駒),106,富雄 東生駒 生駒,auto_v1
近鉄奈良線,近鉄奈良線(生駒〜石切),106,生駒 石切,auto_v1
近鉄奈良線,近鉄奈良線(石切〜額田),106,石切 額田,auto_v1
近鉄奈良線,近鉄奈良線(額田〜東花園),106,額田 枚岡 瓢箪山 東花園,auto_v1
近鉄奈良線,近鉄奈良線(東花園〜河内花園),106,東花園 河内花園,auto_v1
近鉄奈良線,近鉄奈良線(河内花園〜布施),106,河内花園 若江岩田 八戸ノ里 河内小阪 河内永和 布施,auto_v1
近鉄山田線,近鉄山田線(伊勢中川〜伊勢中原),169,伊勢中川 伊勢中原,auto_v2
近鉄山田線,近鉄山田線(伊勢中原〜宇治山田),131,伊勢中原 松ヶ崎 松阪 東松阪 櫛田 漕代 斎宮 明星 明野 小俣 宮町 伊勢市 宇治山田,auto_v2
近鉄連絡線,,16,,manual
近鉄長野線,近鉄長野線(古市〜富田林),93,古市 喜志 富田林,auto_v2
近鉄長野線,近鉄長野線(富田林〜河内長野),76,富田林 富田林西口 川西 滝谷不動 汐ノ宮 河内長野,auto_v2
連絡線,,91,,auto_v1
道明寺線,,56,,auto_v1
遠州鉄道線,,83,,auto_v1
郡中線,,60,,auto_v1
鈴鹿線,,52,,auto_v1
錦川清流線,,10,,auto_v1
長尾線,,54,,auto_v1
長崎線,長崎線(長崎〜現川),57,長崎 浦上 現川,auto_v2
長崎線,長崎線(現川〜西諫早),33,現川 肥前古賀 市布 喜々津 西諫早,auto_v2
長崎線,長崎線(西諫早〜諫早),43,西諫早 諫早,auto_v2
長崎線,長崎線(諫早〜東諫早),51,諫早 東諫早,auto_v2
長崎線,長崎線(東諫早〜肥前白石),19,東諫早 肥前長田 小江 湯江 長里 肥前大浦 多良 肥前飯田 肥前七浦 肥前浜 肥前鹿島 肥前竜王 肥前白石,auto_v2
長崎線,長崎線(肥前白石〜牛津),69,肥前白石 江北 牛津,auto_v2
長崎線,長崎線(牛津〜佐賀),53,牛津 久保田 鍋島 佐賀,auto_v2
長崎線,長崎線(佐賀〜鳥栖),83,佐賀 伊賀屋 神埼 吉野ヶ里公園 中原 肥前麓 新鳥栖 鳥栖,auto_v2
長崎線,長崎線(浦上〜大草),17,浦上 西浦上 道ノ尾 高田 長与 本川内 大草,auto_v2
長崎電気軌道本線,,141,,auto_v1
長野線,長野線(長野〜善光寺下),45,長野 市役所前 権堂 善光寺下,auto_v2
長野線,長野線(善光寺下〜北須坂),36,善光寺下 本郷 桐原 信濃吉田 朝陽 附属中学前 柳原 村山 日野 須坂 北須坂,auto_v2
長野線,長野線(北須坂〜信州中野),28,北須坂 小布施 都住 桜沢 延徳 信州中野,auto_v2
長野線,長野線(信州中野〜湯田中),19,信州中野 中野松川 信濃竹原 夜間瀬 上条 湯田中,auto_v2
門司港レトロ観光線,,0,,auto_v1
関西空港線,関西空港線(日根野〜りんくうタウン),78,日根野 りんくうタウン,auto_v2
関西空港線,関西空港線(りんくうタウン〜関西空港),69,りんくうタウン 関西空港,auto_v2
関西線,,84,,auto_v1
阪和線,阪和線(天王寺〜美章園),262,天王寺 美章園,auto_v2
阪和線,阪和線(美章園〜百舌鳥),214,美章園 南田辺 鶴ヶ丘 長居 我孫子町 杉本町 浅香 堺市 三国ヶ丘 百舌鳥,auto_v2
阪和線,阪和線(百舌鳥〜和歌山),82,百舌鳥 上野芝 津久野 鳳 富木 北信太 信太山 和泉府中 久米田 下松 東岸和田 東貝塚 和泉橋本 東佐野 熊取 日根野 長滝 新家 和泉砂川 和泉鳥取 山中渓 紀伊 六十谷 紀伊中ノ島 和歌山,auto_v2
阪和線,阪和線(鳳〜東羽衣),74,鳳 東羽衣,auto_v2
阪堺線,阪堺線(浜寺駅前〜我孫子道),78,浜寺駅前 船尾 石津 石津北 東湊 御陵前 寺地町 宿院 大小路 花田口 妙国寺前 神明町 綾ノ町 高須神社 大和川 我孫子道,auto_v2
阪堺線,阪堺線(我孫子道〜住吉鳥居前),194,我孫子道 安立町 細井川 住吉鳥居前,auto_v2
阪堺線,阪堺線(住吉鳥居前〜恵美須町),36,住吉鳥居前 住吉 東粉浜 塚西 東玉出 天神ノ森 聖天坂 北天下茶屋 松田町 今船 今池 新今宮駅前 恵美須町,auto_v2
阪急京都線,,211,,auto_v1
阪神なんば線,阪神なんば線(大阪難波〜千鳥橋),156,大阪難波 桜川 ドーム前 九条 西九条 千鳥橋,auto_v2
阪神なんば線,阪神なんば線(千鳥橋〜尼崎),105,千鳥橋 伝法 福 出来島 大物 尼崎,auto_v2
阪神本線,阪神本線(大阪梅田〜福島),212,大阪梅田 福島,auto_v1
阪神本線,阪神本線(福島〜野田),212,福島 野田,auto_v1
阪神本線,阪神本線(野田〜尼崎センタープール前),212,野田 淀川 姫島 千船 杭瀬 大物 尼崎 出屋敷 尼崎センタープール前,auto_v1
阪神本線,阪神本線(尼崎センタープール前〜深江),212,尼崎センタープール前 武庫川 鳴尾・武庫川女子大前 甲子園 久寿川 今津 西宮 香櫨園 打出 芦屋 深江,auto_v1
阪神本線,阪神本線(深江〜春日野道),212,深江 青木 魚崎 住吉 御影 石屋川 新在家 大石 西灘 岩屋 春日野道,auto_v1
阪神本線,阪神本線(春日野道〜元町),212,春日野道 神戸三宮 元町,auto_v1
阿佐東線,,8,,auto_v1
阿佐線,,23,,auto_v1
難波線,難波線(大阪上本町〜近鉄日本橋),331,大阪上本町 近鉄日本橋,auto_v2
難波線,難波線(近鉄日本橋〜大阪難波),269,近鉄日本橋 大阪難波,auto_v2
静岡清水線,,132,,auto_v1
鞍馬山鋼索鉄道,,24,,auto_v1
鞍馬線,鞍馬線(宝ヶ池〜市原),73,宝ヶ池 八幡前 岩倉 木野 京都精華大前 二軒茶屋 市原,auto_v2
鞍馬線,鞍馬線(市原〜鞍馬),56,市原 二ノ瀬 貴船口 鞍馬,auto_v2
飯山線,,13,,auto_v1
飯田線,飯田線(豊橋〜船町),62,豊橋 船町,auto_v2
飯田線,飯田線(船町〜東上),40,船町 下地 小坂井 牛久保 豊川 三河一宮 長山 江島 東上,auto_v2
飯田線,飯田線(東上〜本長篠),22,東上 野田城 新城 東新町 茶臼山 三河東郷 大海 鳥居 長篠城 本長篠,auto_v2
飯田線,飯田線(本長篠〜辰野),17,本長篠 三河大野 湯谷温泉 三河槙原 柿平 三河川合 池場 東栄 出馬 上市場 浦川 早瀬 下川合 中部天竜 佐久間 相月 城西 向市場 水窪 大嵐 小和田 中井侍 伊那小沢 鶯巣 平岡 為栗 温田 田本 門島 唐笠 金野 千代 天竜峡 川路 時又 駄科 毛賀 伊那八幡 下山村 鼎 切石 飯田 桜町 伊那上郷 元善光寺 下市田 市田 下平 山吹 伊那大島 上片桐 伊那田島 高遠原 七久保 伊那本郷 飯島 田切 伊那福岡 小町屋 駒ヶ根 大田切 宮田 赤木 沢渡 下島 伊那市 伊那北 田畑 北殿 木ノ下 伊那松島 沢 羽場 伊那新町 宮木 辰野,auto_v2
養老線,養老線(揖斐〜大垣),39,揖斐 美濃本郷 北池野 池野 北神戸 広神戸 東赤坂 北大垣 室 大垣,auto_v2
養老線,養老線(大垣〜桑名),33,大垣 西大垣 美濃青柳 友江 大外羽 烏江 美濃高田 養老 美濃津屋 駒野 美濃山崎 石津 美濃松山 多度 下野代 下深谷 播磨 桑名,auto_v2
香椎線,,43,,auto_v1
駿豆線,,64,,auto_v1
高山線,高山線(岐阜〜長森),48,岐阜 長森,auto_v2
高山線,高山線(長森〜美濃太田),37,長森 那加 蘇原 各務ケ原 鵜沼 坂祝 美濃太田,auto_v2
高山線,高山線(美濃太田〜富山),26,美濃太田 古井 中川辺 下麻生 上麻生 白川口 下油井 飛騨金山 焼石 下呂 禅昌寺 飛騨萩原 上呂 飛騨宮田 飛騨小坂 渚 久々野 飛騨一ノ宮 高山 上枝 飛騨国府 飛騨古川 杉崎 飛騨細江 角川 坂上 打保 杉原 猪谷 楡原 笹津 東八尾 越中八尾 千里 速星 婦中鵜坂 西富山 富山,auto_v2
高岡軌道線,,57,,auto_v1
高師浜線,,65,,auto_v1
高徳線,高徳線(徳島〜佐古),79,徳島 佐古,auto_v2
高徳線,高徳線(佐古〜吉成),63,佐古 吉成,auto_v2
高徳線,高徳線(吉成〜板東),33,吉成 勝瑞 池谷 板東,auto_v2
高徳線,高徳線(板東〜引田),15,板東 阿波川端 板野 阿波大宮 讃岐相生 引田,auto_v2
高徳線,高徳線(引田〜高松),31,引田 讃岐白鳥 三本松 丹生 鶴羽 讃岐津田 神前 造田 オレンジタウン 志度 讃岐牟礼 八栗口 古高松南 屋島 木太町 栗林 栗林公園北口 昭和町 高松,auto_v2
高森線,,13,,auto_v1
高浜線,,63,,auto_v1
高野線,,31,,auto_v1
鳥羽線,,79,,auto_v1
鳴門線,,17,,auto_v1
鴨東線,鴨東線(三条〜神宮丸太町),205,三条 神宮丸太町,auto_v2
鴨東線,鴨東線(神宮丸太町〜出町柳),107,神宮丸太町 出町柳,auto_v2
鹿児島市電,,146,,auto_v1
鹿児島線,鹿児島線(八代〜荒木),46,八代 新八代 千丁 有佐 小川 松橋 宇土 富合 川尻 西熊本 熊本 上熊本 崇城大学前 西里 植木 田原坂 木葉 肥後伊倉 玉名 大野下 長洲 南荒尾 荒尾 大牟田 銀水 吉野 渡瀬 南瀬高 瀬高 筑後船小屋 羽犬塚 西牟田 荒木,auto_v2
鹿児島線,鹿児島線(荒木〜肥前旭),80,荒木 久留米 肥前旭,auto_v2
鹿児島線,鹿児島線(肥前旭〜田代),124,肥前旭 鳥栖 田代,auto_v2
鹿児島線,鹿児島線(田代〜門司港),72,田代 弥生が丘 基山 けやき台 原田 天拝山 二日市 都府楼南 水城 大野城 春日 南福岡 笹原 竹下 博多 吉塚 箱崎 千早 香椎 九産大前 福工大前 新宮中央 ししぶ 古賀 千鳥 福間 東福間 東郷 赤間 教育大前 海老津 遠賀川 水巻 折尾 陣原 黒崎 八幡 スペースワールド 枝光 戸畑 九州工大前 西小倉 小倉 門司 小森江 門司港,auto_v2
鹿児島線,鹿児島線(鹿児島〜川内),27,鹿児島 鹿児島中央 広木 上伊集院 薩摩松元 伊集院 東市来 湯之元 市来 神村学園前 串木野 木場茶屋 隈之城 川内,auto_v2
黒部峡谷鉄道線,,15,,manual
